Autauga CountyAlabama,55869
Baldwin CountyAlabama,223234
Barbour CountyAlabama,24686
Bibb CountyAlabama,22394
Blount CountyAlabama,57826
Bullock CountyAlabama,10101
Butler CountyAlabama,19448
Calhoun CountyAlabama,113605
Chambers CountyAlabama,33254
Cherokee CountyAlabama,26196
Chilton CountyAlabama,44428
Choctaw CountyAlabama,12589
Clarke CountyAlabama,23622
Clay CountyAlabama,13235
Cleburne CountyAlabama,14910
Coffee CountyAlabama,52342
Colbert CountyAlabama,55241
Conecuh CountyAlabama,12067
Coosa CountyAlabama,10663
Covington CountyAlabama,37049
Crenshaw CountyAlabama,13772
Cullman CountyAlabama,83768
Dale CountyAlabama,49172
Dallas CountyAlabama,37196
DeKalb CountyAlabama,71513
Elmore CountyAlabama,81209
Escambia CountyAlabama,36633
Etowah CountyAlabama,102268
Fayette CountyAlabama,16302
Franklin CountyAlabama,31362
Geneva CountyAlabama,26271
Greene CountyAlabama,8111
Hale CountyAlabama,14651
Henry CountyAlabama,17205
Houston CountyAlabama,105882
Jackson CountyAlabama,51626
Jefferson CountyAlabama,658573
Lamar CountyAlabama,13805
Lauderdale CountyAlabama,92729
Lawrence CountyAlabama,32924
Lee CountyAlabama,164542
Limestone CountyAlabama,98915
Lowndes CountyAlabama,9726
Macon CountyAlabama,18068
Madison CountyAlabama,372909
Marengo CountyAlabama,18863
Marion CountyAlabama,29709
Marshall CountyAlabama,96774
Mobile CountyAlabama,413210
Monroe CountyAlabama,20733
Montgomery CountyAlabama,226486
Morgan CountyAlabama,119679
Perry CountyAlabama,8923
Pickens CountyAlabama,19930
Pike CountyAlabama,33114
Randolph CountyAlabama,22722
Russell CountyAlabama,57961
St. Clair CountyAlabama,89512
Shelby CountyAlabama,217702
Sumter CountyAlabama,12427
Talladega CountyAlabama,79978
Tallapoosa CountyAlabama,40367
Tuscaloosa CountyAlabama,209355
Walker CountyAlabama,63521
Washington CountyAlabama,16326
Wilcox CountyAlabama,10373
Winston CountyAlabama,23629
Aleutians East BoroughAlaska,3337
Aleutians West Census AreaAlaska,5634
Anchorage MunicipalityAlaska,288000
Bethel Census AreaAlaska,18386
Bristol Bay BoroughAlaska,836
Denali BoroughAlaska,2097
Dillingham Census AreaAlaska,4916
Fairbanks North Star BoroughAlaska,96849
Haines BoroughAlaska,2530
Hoonah-Angoon Census AreaAlaska,2148
Juneau City and BoroughAlaska,31974
Kenai Peninsula BoroughAlaska,58708
Ketchikan Gateway BoroughAlaska,13901
Kodiak Island BoroughAlaska,12998
Kusilvak Census AreaAlaska,8314
Lake and Peninsula BoroughAlaska,1592
Matanuska-Susitna BoroughAlaska,108317
Nome Census AreaAlaska,10004
North Slope BoroughAlaska,9832
Northwest Arctic BoroughAlaska,7621
Petersburg BoroughAlaska,3266
Prince of Wales-Hyder Census AreaAlaska,6203
Sitka City and BoroughAlaska,8493
Skagway MunicipalityAlaska,1183
Southeast Fairbanks Census AreaAlaska,6893
Valdez-Cordova Census AreaAlaska,9202
Wrangell City and BoroughAlaska,2502
Yakutat City and BoroughAlaska,579
Yukon-Koyukuk Census AreaAlaska,5230
Apache CountyArizona,71887
Cochise CountyArizona,125922
Coconino CountyArizona,143476
Gila CountyArizona,54018
Graham CountyArizona,38837
Greenlee CountyArizona,9498
La Paz CountyArizona,21108
Maricopa CountyArizona,4485414
Mohave CountyArizona,212181
Navajo CountyArizona,110924
Pima CountyArizona,1047279
Pinal CountyArizona,462789
Santa Cruz CountyArizona,46498
Yavapai CountyArizona,235099
Yuma CountyArizona,213787
Arkansas CountyArkansas,17486
Ashley CountyArkansas,19657
Baxter CountyArkansas,41932
Benton CountyArkansas,279141
Boone CountyArkansas,37432
Bradley CountyArkansas,10763
Calhoun CountyArkansas,5189
Carroll CountyArkansas,28380
Chicot CountyArkansas,10118
Clark CountyArkansas,22320
Clay CountyArkansas,14551
Cleburne CountyArkansas,24919
Cleveland CountyArkansas,7956
Columbia CountyArkansas,23457
Conway CountyArkansas,20846
Craighead CountyArkansas,110332
Crawford CountyArkansas,63257
Crittenden CountyArkansas,47955
Cross CountyArkansas,16419
Dallas CountyArkansas,7009
Desha CountyArkansas,11361
Drew CountyArkansas,18219
Faulkner CountyArkansas,126007
Franklin CountyArkansas,17715
Fulton CountyArkansas,12477
Garland CountyArkansas,99386
Grant CountyArkansas,18265
Greene CountyArkansas,45325
Hempstead CountyArkansas,21532
Hot Spring CountyArkansas,33771
Howard CountyArkansas,13202
Independence CountyArkansas,37825
Izard CountyArkansas,13629
Jackson CountyArkansas,16719
Jefferson CountyArkansas,66824
Johnson CountyArkansas,26578
Lafayette CountyArkansas,6624
Lawrence CountyArkansas,16406
Lee CountyArkansas,8857
Lincoln CountyArkansas,13024
Little River CountyArkansas,12259
Logan CountyArkansas,21466
Lonoke CountyArkansas,73309
Madison CountyArkansas,16576
Marion CountyArkansas,16694
Miller CountyArkansas,43257
Mississippi CountyArkansas,40651
Monroe CountyArkansas,6701
Montgomery CountyArkansas,8986
Nevada CountyArkansas,8252
Newton CountyArkansas,7753
Ouachita CountyArkansas,23382
Perry CountyArkansas,10455
Phillips CountyArkansas,17782
Pike CountyArkansas,10718
Poinsett CountyArkansas,23528
Polk CountyArkansas,19964
Pope CountyArkansas,64072
Prairie CountyArkansas,8062
Pulaski CountyArkansas,391911
Randolph CountyArkansas,17958
St. Francis CountyArkansas,24994
Saline CountyArkansas,122437
Scott CountyArkansas,10281
Searcy CountyArkansas,7881
Sebastian CountyArkansas,127827
Sevier CountyArkansas,17007
Sharp CountyArkansas,17442
Stone CountyArkansas,12506
Union CountyArkansas,38682
Van Buren CountyArkansas,16545
Washington CountyArkansas,239187
White CountyArkansas,78753
Woodruff CountyArkansas,6320
Yell CountyArkansas,21341
Alameda CountyCalifornia,1671329
Alpine CountyCalifornia,1129
Amador CountyCalifornia,39752
Butte CountyCalifornia,219186
Calaveras CountyCalifornia,45905
Colusa CountyCalifornia,21547
Contra Costa CountyCalifornia,1153526
Del Norte CountyCalifornia,27812
El Dorado CountyCalifornia,192843
Fresno CountyCalifornia,999101
Glenn CountyCalifornia,28393
Humboldt CountyCalifornia,135558
Imperial CountyCalifornia,181215
Inyo CountyCalifornia,18039
Kern CountyCalifornia,900202
Kings CountyCalifornia,152940
Lake CountyCalifornia,64386
Lassen CountyCalifornia,30573
Los Angeles CountyCalifornia,10039107
Madera CountyCalifornia,157327
Marin CountyCalifornia,258826
Mariposa CountyCalifornia,17203
Mendocino CountyCalifornia,86749
Merced CountyCalifornia,277680
Modoc CountyCalifornia,8841
Mono CountyCalifornia,14444
Monterey CountyCalifornia,434061
Napa CountyCalifornia,137744
Nevada CountyCalifornia,99755
Orange CountyCalifornia,3175692
Placer CountyCalifornia,398329
Plumas CountyCalifornia,18807
Riverside CountyCalifornia,2470546
Sacramento CountyCalifornia,1552058
San Benito CountyCalifornia,62808
San Bernardino CountyCalifornia,2180085
San Diego CountyCalifornia,3338330
San Francisco CountyCalifornia,881549
San Joaquin CountyCalifornia,762148
San Luis Obispo CountyCalifornia,283111
San Mateo CountyCalifornia,766573
Santa Barbara CountyCalifornia,446499
Santa Clara CountyCalifornia,1927852
Santa Cruz CountyCalifornia,273213
Shasta CountyCalifornia,180080
Sierra CountyCalifornia,3005
Siskiyou CountyCalifornia,43539
Solano CountyCalifornia,447643
Sonoma CountyCalifornia,494336
Stanislaus CountyCalifornia,550660
Sutter CountyCalifornia,96971
Tehama CountyCalifornia,65084
Trinity CountyCalifornia,12285
Tulare CountyCalifornia,466195
Tuolumne CountyCalifornia,54478
Ventura CountyCalifornia,846006
Yolo CountyCalifornia,220500
Yuba CountyCalifornia,78668
Adams CountyColorado,517421
Alamosa CountyColorado,16233
Arapahoe CountyColorado,656590
Archuleta CountyColorado,14029
Baca CountyColorado,3581
Bent CountyColorado,5577
Boulder CountyColorado,326196
Broomfield CountyColorado,70465
Chaffee CountyColorado,20356
Cheyenne CountyColorado,1831
Clear Creek CountyColorado,9700
Conejos CountyColorado,8205
Costilla CountyColorado,3887
Crowley CountyColorado,6061
Custer CountyColorado,5068
Delta CountyColorado,31162
Denver CountyColorado,727211
Dolores CountyColorado,2055
Douglas CountyColorado,351154
Eagle CountyColorado,55127
Elbert CountyColorado,26729
El Paso CountyColorado,720403
Fremont CountyColorado,47839
Garfield CountyColorado,60061
Gilpin CountyColorado,6243
Grand CountyColorado,15734
Gunnison CountyColorado,17462
Hinsdale CountyColorado,820
Huerfano CountyColorado,6897
Jackson CountyColorado,1392
Jefferson CountyColorado,582881
Kiowa CountyColorado,1406
Kit Carson CountyColorado,7097
Lake CountyColorado,8127
La Plata CountyColorado,56221
Larimer CountyColorado,356899
Las Animas CountyColorado,14506
Lincoln CountyColorado,5701
Logan CountyColorado,22409
Mesa CountyColorado,154210
Mineral CountyColorado,769
Moffat CountyColorado,13283
Montezuma CountyColorado,26183
Montrose CountyColorado,42758
Morgan CountyColorado,29068
Otero CountyColorado,18278
Ouray CountyColorado,4952
Park CountyColorado,18845
Phillips CountyColorado,4265
Pitkin CountyColorado,17767
Prowers CountyColorado,12172
Pueblo CountyColorado,168424
Rio Blanco CountyColorado,6324
Rio Grande CountyColorado,11267
Routt CountyColorado,25638
Saguache CountyColorado,6824
San Juan CountyColorado,728
San Miguel CountyColorado,8179
Sedgwick CountyColorado,2248
Summit CountyColorado,31011
Teller CountyColorado,25388
Washington CountyColorado,4908
Weld CountyColorado,324492
Yuma CountyColorado,10019
Fairfield CountyConnecticut,943332
Hartford CountyConnecticut,891720
Litchfield CountyConnecticut,180333
Middlesex CountyConnecticut,162436
New Haven CountyConnecticut,854757
New London CountyConnecticut,265206
Tolland CountyConnecticut,150721
Windham CountyConnecticut,116782
Kent CountyDelaware,180786
New Castle CountyDelaware,558753
Sussex CountyDelaware,234225
"Washington, D.C.Washington, D.C.",705749
Alachua CountyFlorida,269043
Baker CountyFlorida,29210
Bay CountyFlorida,174705
Bradford CountyFlorida,28201
Brevard CountyFlorida,601942
Broward CountyFlorida,1952778
Calhoun CountyFlorida,14105
Charlotte CountyFlorida,188910
Citrus CountyFlorida,149657
Clay CountyFlorida,219252
Collier CountyFlorida,384902
Columbia CountyFlorida,71686
DeSoto CountyFlorida,38001
Dixie CountyFlorida,16826
Duval CountyFlorida,957755
Escambia CountyFlorida,318316
Flagler CountyFlorida,115081
Franklin CountyFlorida,12125
Gadsden CountyFlorida,45660
Gilchrist CountyFlorida,18582
Glades CountyFlorida,13811
Gulf CountyFlorida,13639
Hamilton CountyFlorida,14428
Hardee CountyFlorida,26937
Hendry CountyFlorida,42022
Hernando CountyFlorida,193920
Highlands CountyFlorida,106221
Hillsborough CountyFlorida,1471968
Holmes CountyFlorida,19617
Indian River CountyFlorida,159923
Jackson CountyFlorida,46414
Jefferson CountyFlorida,14246
Lafayette CountyFlorida,8422
Lake CountyFlorida,367118
Lee CountyFlorida,770577
Leon CountyFlorida,293582
Levy CountyFlorida,41503
Liberty CountyFlorida,8354
Madison CountyFlorida,18493
Manatee CountyFlorida,403253
Marion CountyFlorida,365579
Martin CountyFlorida,161000
Miami-Dade CountyFlorida,2716940
Monroe CountyFlorida,74228
Nassau CountyFlorida,88625
Okaloosa CountyFlorida,210738
Okeechobee CountyFlorida,42168
Orange CountyFlorida,1393452
Osceola CountyFlorida,375751
Palm Beach CountyFlorida,1496770
Pasco CountyFlorida,553947
Pinellas CountyFlorida,974996
Polk CountyFlorida,724777
Putnam CountyFlorida,74521
St. Johns CountyFlorida,264672
St. Lucie CountyFlorida,328297
Santa Rosa CountyFlorida,184313
Sarasota CountyFlorida,433742
Seminole CountyFlorida,471826
Sumter CountyFlorida,132420
Suwannee CountyFlorida,44417
Taylor CountyFlorida,21569
Union CountyFlorida,15237
Volusia CountyFlorida,553284
Wakulla CountyFlorida,33739
Walton CountyFlorida,74071
Washington CountyFlorida,25473
Appling CountyGeorgia,18386
Atkinson CountyGeorgia,8165
Bacon CountyGeorgia,11164
Baker CountyGeorgia,3038
Baldwin CountyGeorgia,44890
Banks CountyGeorgia,19234
Barrow CountyGeorgia,83240
Bartow CountyGeorgia,107738
Ben Hill CountyGeorgia,16700
Berrien CountyGeorgia,19397
Bibb CountyGeorgia,153159
Bleckley CountyGeorgia,12873
Brantley CountyGeorgia,19109
Brooks CountyGeorgia,15457
Bryan CountyGeorgia,39627
Bulloch CountyGeorgia,79608
Burke CountyGeorgia,22383
Butts CountyGeorgia,24936
Calhoun CountyGeorgia,6189
Camden CountyGeorgia,54666
Candler CountyGeorgia,10803
Carroll CountyGeorgia,119992
Catoosa CountyGeorgia,67580
Charlton CountyGeorgia,13392
Chatham CountyGeorgia,289430
Chattahoochee CountyGeorgia,10907
Chattooga CountyGeorgia,24789
Cherokee CountyGeorgia,258773
Clarke CountyGeorgia,128331
Clay CountyGeorgia,2834
Clayton CountyGeorgia,292256
Clinch CountyGeorgia,6618
Cobb CountyGeorgia,760141
Coffee CountyGeorgia,43273
Colquitt CountyGeorgia,45600
Columbia CountyGeorgia,156714
Cook CountyGeorgia,17270
Coweta CountyGeorgia,148509
Crawford CountyGeorgia,12404
Crisp CountyGeorgia,22372
Dade CountyGeorgia,16116
Dawson CountyGeorgia,26108
Decatur CountyGeorgia,26404
DeKalb CountyGeorgia,759297
Dodge CountyGeorgia,20605
Dooly CountyGeorgia,13390
Dougherty CountyGeorgia,87956
Douglas CountyGeorgia,146343
Early CountyGeorgia,10190
Echols CountyGeorgia,4006
Effingham CountyGeorgia,64296
Elbert CountyGeorgia,19194
Emanuel CountyGeorgia,22646
Evans CountyGeorgia,10654
Fannin CountyGeorgia,26188
Fayette CountyGeorgia,114421
Floyd CountyGeorgia,98498
Forsyth CountyGeorgia,244252
Franklin CountyGeorgia,23349
Fulton CountyGeorgia,1063937
Gilmer CountyGeorgia,31369
Glascock CountyGeorgia,2971
Glynn CountyGeorgia,85292
Gordon CountyGeorgia,57963
Grady CountyGeorgia,24633
Greene CountyGeorgia,18324
Gwinnett CountyGeorgia,936250
Habersham CountyGeorgia,45328
Hall CountyGeorgia,204441
Hancock CountyGeorgia,8457
Haralson CountyGeorgia,29792
Harris CountyGeorgia,35236
Hart CountyGeorgia,26205
Heard CountyGeorgia,11923
Henry CountyGeorgia,234561
Houston CountyGeorgia,157863
Irwin CountyGeorgia,9416
Jackson CountyGeorgia,72977
Jasper CountyGeorgia,14219
Jeff Davis CountyGeorgia,15115
Jefferson CountyGeorgia,15362
Jenkins CountyGeorgia,8676
Johnson CountyGeorgia,9643
Jones CountyGeorgia,28735
Lamar CountyGeorgia,19077
Lanier CountyGeorgia,10423
Laurens CountyGeorgia,47546
Lee CountyGeorgia,29992
Liberty CountyGeorgia,61435
Lincoln CountyGeorgia,7921
Long CountyGeorgia,19559
Lowndes CountyGeorgia,117406
Lumpkin CountyGeorgia,33610
McDuffie CountyGeorgia,21312
McIntosh CountyGeorgia,14378
Macon CountyGeorgia,12947
Madison CountyGeorgia,29880
Marion CountyGeorgia,8359
Meriwether CountyGeorgia,21167
Miller CountyGeorgia,5718
Mitchell CountyGeorgia,21863
Monroe CountyGeorgia,27578
Montgomery CountyGeorgia,9172
Morgan CountyGeorgia,19276
Murray CountyGeorgia,40096
Muscogee CountyGeorgia,195769
Newton CountyGeorgia,111744
Oconee CountyGeorgia,40280
Oglethorpe CountyGeorgia,15259
Paulding CountyGeorgia,168667
Peach CountyGeorgia,27546
Pickens CountyGeorgia,32591
Pierce CountyGeorgia,19465
Pike CountyGeorgia,18962
Polk CountyGeorgia,42613
Pulaski CountyGeorgia,11137
Putnam CountyGeorgia,22119
Quitman CountyGeorgia,2299
Rabun CountyGeorgia,17137
Randolph CountyGeorgia,6778
Richmond CountyGeorgia,202518
Rockdale CountyGeorgia,90896
Schley CountyGeorgia,5257
Screven CountyGeorgia,13966
Seminole CountyGeorgia,8090
Spalding CountyGeorgia,66703
Stephens CountyGeorgia,25925
Stewart CountyGeorgia,6621
Sumter CountyGeorgia,29524
Talbot CountyGeorgia,6195
Taliaferro CountyGeorgia,1537
Tattnall CountyGeorgia,25286
Taylor CountyGeorgia,8020
Telfair CountyGeorgia,15860
Terrell CountyGeorgia,8531
Thomas CountyGeorgia,44451
Tift CountyGeorgia,40644
Toombs CountyGeorgia,26830
Towns CountyGeorgia,12037
Treutlen CountyGeorgia,6901
Troup CountyGeorgia,69922
Turner CountyGeorgia,7985
Twiggs CountyGeorgia,8120
Union CountyGeorgia,24511
Upson CountyGeorgia,26320
Walker CountyGeorgia,69761
Walton CountyGeorgia,94593
Ware CountyGeorgia,35734
Warren CountyGeorgia,5254
Washington CountyGeorgia,20374
Wayne CountyGeorgia,29927
Webster CountyGeorgia,2607
Wheeler CountyGeorgia,7855
White CountyGeorgia,30798
Whitfield CountyGeorgia,104628
Wilcox CountyGeorgia,8635
Wilkes CountyGeorgia,9777
Wilkinson CountyGeorgia,8954
Worth CountyGeorgia,20247
Hawaii CountyHawaii,201513
Honolulu CountyHawaii,974563
Kalawao CountyHawaii,86
Kauai CountyHawaii,72293
Maui CountyHawaii,167417
Ada CountyIdaho,481587
Adams CountyIdaho,4294
Bannock CountyIdaho,87808
Bear Lake CountyIdaho,6125
Benewah CountyIdaho,9298
Bingham CountyIdaho,46811
Blaine CountyIdaho,23021
Boise CountyIdaho,7831
Bonner CountyIdaho,45739
Bonneville CountyIdaho,119062
Boundary CountyIdaho,12245
Butte CountyIdaho,2597
Camas CountyIdaho,1106
Canyon CountyIdaho,229849
Caribou CountyIdaho,7155
Cassia CountyIdaho,24030
Clark CountyIdaho,845
Clearwater CountyIdaho,8756
Custer CountyIdaho,4315
Elmore CountyIdaho,27511
Franklin CountyIdaho,13876
Fremont CountyIdaho,13099
Gem CountyIdaho,18112
Gooding CountyIdaho,15179
Idaho CountyIdaho,16667
Jefferson CountyIdaho,29871
Jerome CountyIdaho,24412
Kootenai CountyIdaho,165697
Latah CountyIdaho,40108
Lemhi CountyIdaho,8027
Lewis CountyIdaho,3838
Lincoln CountyIdaho,5366
Madison CountyIdaho,39907
Minidoka CountyIdaho,21039
Nez Perce CountyIdaho,40408
Oneida CountyIdaho,4531
Owyhee CountyIdaho,11823
Payette CountyIdaho,23951
Power CountyIdaho,7681
Shoshone CountyIdaho,12882
Teton CountyIdaho,12142
Twin Falls CountyIdaho,86878
Valley CountyIdaho,11392
Washington CountyIdaho,10194
Adams CountyIllinois,65435
Alexander CountyIllinois,5761
Bond CountyIllinois,16426
Boone CountyIllinois,53544
Brown CountyIllinois,6578
Bureau CountyIllinois,32628
Calhoun CountyIllinois,4739
Carroll CountyIllinois,14305
Cass CountyIllinois,12147
Champaign CountyIllinois,209689
Christian CountyIllinois,32304
Clark CountyIllinois,15441
Clay CountyIllinois,13184
Clinton CountyIllinois,37562
Coles CountyIllinois,50621
Cook CountyIllinois,5150233
Crawford CountyIllinois,18667
Cumberland CountyIllinois,10766
DeKalb CountyIllinois,104897
De Witt CountyIllinois,15638
Douglas CountyIllinois,19465
DuPage CountyIllinois,922921
Edgar CountyIllinois,17161
Edwards CountyIllinois,6395
Effingham CountyIllinois,34008
Fayette CountyIllinois,21336
Ford CountyIllinois,12961
Franklin CountyIllinois,38469
Fulton CountyIllinois,34340
Gallatin CountyIllinois,4828
Greene CountyIllinois,12969
Grundy CountyIllinois,51054
Hamilton CountyIllinois,8116
Hancock CountyIllinois,17708
Hardin CountyIllinois,3821
Henderson CountyIllinois,6646
Henry CountyIllinois,48913
Iroquois CountyIllinois,27114
Jackson CountyIllinois,56750
Jasper CountyIllinois,9610
Jefferson CountyIllinois,37684
Jersey CountyIllinois,21773
Jo Daviess CountyIllinois,21235
Johnson CountyIllinois,12417
Kane CountyIllinois,532403
Kankakee CountyIllinois,109862
Kendall CountyIllinois,128990
Knox CountyIllinois,49699
Lake CountyIllinois,696535
LaSalle CountyIllinois,108669
Lawrence CountyIllinois,15678
Lee CountyIllinois,34096
Livingston CountyIllinois,35648
Logan CountyIllinois,28618
McDonough CountyIllinois,29682
McHenry CountyIllinois,307774
McLean CountyIllinois,171517
Macon CountyIllinois,104009
Macoupin CountyIllinois,44926
Madison CountyIllinois,262966
Marion CountyIllinois,37205
Marshall CountyIllinois,11438
Mason CountyIllinois,13359
Massac CountyIllinois,13772
Menard CountyIllinois,12196
Mercer CountyIllinois,15437
Monroe CountyIllinois,34637
Montgomery CountyIllinois,28414
Morgan CountyIllinois,33658
Moultrie CountyIllinois,14501
Ogle CountyIllinois,50643
Peoria CountyIllinois,179179
Perry CountyIllinois,20916
Piatt CountyIllinois,16344
Pike CountyIllinois,15561
Pope CountyIllinois,4177
Pulaski CountyIllinois,5335
Putnam CountyIllinois,5739
Randolph CountyIllinois,31782
Richland CountyIllinois,15513
Rock Island CountyIllinois,141879
St. Clair CountyIllinois,259686
Saline CountyIllinois,23491
Sangamon CountyIllinois,194672
Schuyler CountyIllinois,6768
Scott CountyIllinois,4951
Shelby CountyIllinois,21634
Stark CountyIllinois,5342
Stephenson CountyIllinois,44498
Tazewell CountyIllinois,131803
Union CountyIllinois,16653
Vermilion CountyIllinois,75758
Wabash CountyIllinois,11520
Warren CountyIllinois,16844
Washington CountyIllinois,13887
Wayne CountyIllinois,16215
White CountyIllinois,13537
Whiteside CountyIllinois,55175
Will CountyIllinois,690743
Williamson CountyIllinois,66597
Winnebago CountyIllinois,282572
Woodford CountyIllinois,38459
Adams CountyIndiana,35777
Allen CountyIndiana,379299
Bartholomew CountyIndiana,83779
Benton CountyIndiana,8748
Blackford CountyIndiana,11758
Boone CountyIndiana,67843
Brown CountyIndiana,15092
Carroll CountyIndiana,20257
Cass CountyIndiana,37689
Clark CountyIndiana,118302
Clay CountyIndiana,26225
Clinton CountyIndiana,32399
Crawford CountyIndiana,10577
Daviess CountyIndiana,33351
Dearborn CountyIndiana,49458
Decatur CountyIndiana,26559
DeKalb CountyIndiana,43475
Delaware CountyIndiana,114135
Dubois CountyIndiana,42736
Elkhart CountyIndiana,206341
Fayette CountyIndiana,23102
Floyd CountyIndiana,78522
Fountain CountyIndiana,16346
Franklin CountyIndiana,22758
Fulton CountyIndiana,19974
Gibson CountyIndiana,33659
Grant CountyIndiana,65769
Greene CountyIndiana,31922
Hamilton CountyIndiana,338011
Hancock CountyIndiana,78168
Harrison CountyIndiana,40515
Hendricks CountyIndiana,170311
Henry CountyIndiana,47972
Howard CountyIndiana,82544
Huntington CountyIndiana,36520
Jackson CountyIndiana,44231
Jasper CountyIndiana,33562
Jay CountyIndiana,20436
Jefferson CountyIndiana,32308
Jennings CountyIndiana,27735
Johnson CountyIndiana,158167
Knox CountyIndiana,36594
Kosciusko CountyIndiana,79456
LaGrange CountyIndiana,39614
Lake CountyIndiana,485493
LaPorte CountyIndiana,109888
Lawrence CountyIndiana,45370
Madison CountyIndiana,129569
Marion CountyIndiana,964582
Marshall CountyIndiana,46258
Martin CountyIndiana,10255
Miami CountyIndiana,35516
Monroe CountyIndiana,148431
Montgomery CountyIndiana,38338
Morgan CountyIndiana,70489
Newton CountyIndiana,13984
Noble CountyIndiana,47744
Ohio CountyIndiana,5875
Orange CountyIndiana,19646
Owen CountyIndiana,20799
Parke CountyIndiana,16937
Perry CountyIndiana,19169
Pike CountyIndiana,12389
Porter CountyIndiana,170389
Posey CountyIndiana,25427
Pulaski CountyIndiana,12353
Putnam CountyIndiana,37576
Randolph CountyIndiana,24665
Ripley CountyIndiana,28324
Rush CountyIndiana,16581
St. Joseph CountyIndiana,271826
Scott CountyIndiana,23873
Shelby CountyIndiana,44729
Spencer CountyIndiana,20277
Starke CountyIndiana,22995
Steuben CountyIndiana,34594
Sullivan CountyIndiana,20669
Switzerland CountyIndiana,10751
Tippecanoe CountyIndiana,195732
Tipton CountyIndiana,15148
Union CountyIndiana,7054
Vanderburgh CountyIndiana,181451
Vermillion CountyIndiana,15498
Vigo CountyIndiana,107038
Wabash CountyIndiana,30996
Warren CountyIndiana,8265
Warrick CountyIndiana,62998
Washington CountyIndiana,28036
Wayne CountyIndiana,65884
Wells CountyIndiana,28296
White CountyIndiana,24102
Whitley CountyIndiana,33964
Adair CountyIowa,7152
Adams CountyIowa,3602
Allamakee CountyIowa,13687
Appanoose CountyIowa,12426
Audubon CountyIowa,5496
Benton CountyIowa,25645
Black Hawk CountyIowa,131228
Boone CountyIowa,26234
Bremer CountyIowa,25062
Buchanan CountyIowa,21175
Buena Vista CountyIowa,19620
Butler CountyIowa,14439
Calhoun CountyIowa,9668
Carroll CountyIowa,20165
Cass CountyIowa,12836
Cedar CountyIowa,18627
Cerro Gordo CountyIowa,42450
Cherokee CountyIowa,11235
Chickasaw CountyIowa,11933
Clarke CountyIowa,9395
Clay CountyIowa,16016
Clayton CountyIowa,17549
Clinton CountyIowa,46429
Crawford CountyIowa,16820
Dallas CountyIowa,93453
Davis CountyIowa,9000
Decatur CountyIowa,7870
Delaware CountyIowa,17011
Des Moines CountyIowa,38967
Dickinson CountyIowa,17258
Dubuque CountyIowa,97311
Emmet CountyIowa,9208
Fayette CountyIowa,19650
Floyd CountyIowa,15642
Franklin CountyIowa,10070
Fremont CountyIowa,6960
Greene CountyIowa,8888
Grundy CountyIowa,12232
Guthrie CountyIowa,10689
Hamilton CountyIowa,14773
Hancock CountyIowa,10630
Hardin CountyIowa,16846
Harrison CountyIowa,14049
Henry CountyIowa,19954
Howard CountyIowa,9158
Humboldt CountyIowa,9558
Ida CountyIowa,6860
Iowa CountyIowa,16184
Jackson CountyIowa,19439
Jasper CountyIowa,37185
Jefferson CountyIowa,18295
Johnson CountyIowa,151140
Jones CountyIowa,20681
Keokuk CountyIowa,10246
Kossuth CountyIowa,14813
Lee CountyIowa,33657
Linn CountyIowa,226706
Louisa CountyIowa,11035
Lucas CountyIowa,8600
Lyon CountyIowa,11755
Madison CountyIowa,16338
Mahaska CountyIowa,22095
Marion CountyIowa,33253
Marshall CountyIowa,39369
Mills CountyIowa,15109
Mitchell CountyIowa,10586
Monona CountyIowa,8615
Monroe CountyIowa,7707
Montgomery CountyIowa,9917
Muscatine CountyIowa,42664
O'Brien CountyIowa,13753
Osceola CountyIowa,5958
Page CountyIowa,15107
Palo Alto CountyIowa,8886
Plymouth CountyIowa,25177
Pocahontas CountyIowa,6619
Polk CountyIowa,490161
Pottawattamie CountyIowa,93206
Poweshiek CountyIowa,18504
Ringgold CountyIowa,4894
Sac CountyIowa,9721
Scott CountyIowa,172943
Shelby CountyIowa,11454
Sioux CountyIowa,34855
Story CountyIowa,97117
Tama CountyIowa,16854
Taylor CountyIowa,6121
Union CountyIowa,12241
Van Buren CountyIowa,7044
Wapello CountyIowa,34969
Warren CountyIowa,51466
Washington CountyIowa,21965
Wayne CountyIowa,6441
Webster CountyIowa,35904
Winnebago CountyIowa,10354
Winneshiek CountyIowa,19991
Woodbury CountyIowa,103107
Worth CountyIowa,7381
Wright CountyIowa,12562
Allen CountyKansas,12369
Anderson CountyKansas,7858
Atchison CountyKansas,16073
Barber CountyKansas,4427
Barton CountyKansas,25779
Bourbon CountyKansas,14534
Brown CountyKansas,9564
Butler CountyKansas,66911
Chase CountyKansas,2648
Chautauqua CountyKansas,3250
Cherokee CountyKansas,19939
Cheyenne CountyKansas,2657
Clark CountyKansas,1994
Clay CountyKansas,8002
Cloud CountyKansas,8786
Coffey CountyKansas,8179
Comanche CountyKansas,1700
Cowley CountyKansas,34908
Crawford CountyKansas,38818
Decatur CountyKansas,2827
Dickinson CountyKansas,18466
Doniphan CountyKansas,7600
Douglas CountyKansas,122259
Edwards CountyKansas,2798
Elk CountyKansas,2530
Ellis CountyKansas,28553
Ellsworth CountyKansas,6102
Finney CountyKansas,36467
Ford CountyKansas,33619
Franklin CountyKansas,25544
Geary CountyKansas,31670
Gove CountyKansas,2636
Graham CountyKansas,2482
Grant CountyKansas,7150
Gray CountyKansas,5988
Greeley CountyKansas,1232
Greenwood CountyKansas,5982
Hamilton CountyKansas,2539
Harper CountyKansas,5436
Harvey CountyKansas,34429
Haskell CountyKansas,3968
Hodgeman CountyKansas,1794
Jackson CountyKansas,13171
Jefferson CountyKansas,19043
Jewell CountyKansas,2879
Johnson CountyKansas,602401
Kearny CountyKansas,3838
Kingman CountyKansas,7152
Kiowa CountyKansas,2475
Labette CountyKansas,19618
Lane CountyKansas,1535
Leavenworth CountyKansas,81758
Lincoln CountyKansas,2962
Linn CountyKansas,9703
Logan CountyKansas,2794
Lyon CountyKansas,33195
McPherson CountyKansas,28542
Marion CountyKansas,11884
Marshall CountyKansas,9707
Meade CountyKansas,4033
Miami CountyKansas,34237
Mitchell CountyKansas,5979
Montgomery CountyKansas,31829
Morris CountyKansas,5620
Morton CountyKansas,2587
Nemaha CountyKansas,10231
Neosho CountyKansas,16007
Ness CountyKansas,2750
Norton CountyKansas,5361
Osage CountyKansas,15949
Osborne CountyKansas,3421
Ottawa CountyKansas,5704
Pawnee CountyKansas,6414
Phillips CountyKansas,5234
Pottawatomie CountyKansas,24383
Pratt CountyKansas,9164
Rawlins CountyKansas,2530
Reno CountyKansas,61998
Republic CountyKansas,4636
Rice CountyKansas,9537
Riley CountyKansas,74232
Rooks CountyKansas,4920
Rush CountyKansas,3036
Russell CountyKansas,6856
Saline CountyKansas,54224
Scott CountyKansas,4823
Sedgwick CountyKansas,516042
Seward CountyKansas,21428
Shawnee CountyKansas,176875
Sheridan CountyKansas,2521
Sherman CountyKansas,5917
Smith CountyKansas,3583
Stafford CountyKansas,4156
Stanton CountyKansas,2006
Stevens CountyKansas,5485
Sumner CountyKansas,22836
Thomas CountyKansas,7777
Trego CountyKansas,2803
Wabaunsee CountyKansas,6931
Wallace CountyKansas,1518
Washington CountyKansas,5406
Wichita CountyKansas,2119
Wilson CountyKansas,8525
Woodson CountyKansas,3138
Wyandotte CountyKansas,165429
Adair CountyKentucky,19202
Allen CountyKentucky,21315
Anderson CountyKentucky,22747
Ballard CountyKentucky,7888
Barren CountyKentucky,44249
Bath CountyKentucky,12500
Bell CountyKentucky,26032
Boone CountyKentucky,133581
Bourbon CountyKentucky,19788
Boyd CountyKentucky,46718
Boyle CountyKentucky,30060
Bracken CountyKentucky,8303
Breathitt CountyKentucky,12630
Breckinridge CountyKentucky,20477
Bullitt CountyKentucky,81676
Butler CountyKentucky,12879
Caldwell CountyKentucky,12747
Calloway CountyKentucky,39001
Campbell CountyKentucky,93584
Carlisle CountyKentucky,4760
Carroll CountyKentucky,10631
Carter CountyKentucky,26797
Casey CountyKentucky,16159
Christian CountyKentucky,70461
Clark CountyKentucky,36263
Clay CountyKentucky,19901
Clinton CountyKentucky,10218
Crittenden CountyKentucky,8806
Cumberland CountyKentucky,6614
Daviess CountyKentucky,101511
Edmonson CountyKentucky,12150
Elliott CountyKentucky,7517
Estill CountyKentucky,14106
Fayette CountyKentucky,323152
Fleming CountyKentucky,14581
Floyd CountyKentucky,35589
Franklin CountyKentucky,50991
Fulton CountyKentucky,5969
Gallatin CountyKentucky,8869
Garrard CountyKentucky,17666
Grant CountyKentucky,25069
Graves CountyKentucky,37266
Grayson CountyKentucky,26427
Green CountyKentucky,10941
Greenup CountyKentucky,35098
Hancock CountyKentucky,8722
Hardin CountyKentucky,110958
Harlan CountyKentucky,26010
Harrison CountyKentucky,18886
Hart CountyKentucky,19035
Henderson CountyKentucky,45210
Henry CountyKentucky,16126
Hickman CountyKentucky,4380
Hopkins CountyKentucky,44686
Jackson CountyKentucky,13329
Jefferson CountyKentucky,766757
Jessamine CountyKentucky,54115
Johnson CountyKentucky,22188
Kenton CountyKentucky,166998
Knott CountyKentucky,14806
Knox CountyKentucky,31145
Larue CountyKentucky,14398
Laurel CountyKentucky,60813
Lawrence CountyKentucky,15317
Lee CountyKentucky,7403
Leslie CountyKentucky,9877
Letcher CountyKentucky,21553
Lewis CountyKentucky,13275
Lincoln CountyKentucky,24549
Livingston CountyKentucky,9194
Logan CountyKentucky,27102
Lyon CountyKentucky,8210
McCracken CountyKentucky,65418
McCreary CountyKentucky,17231
McLean CountyKentucky,9207
Madison CountyKentucky,92987
Magoffin CountyKentucky,12161
Marion CountyKentucky,19273
Marshall CountyKentucky,31100
Martin CountyKentucky,11195
Mason CountyKentucky,17070
Meade CountyKentucky,28572
Menifee CountyKentucky,6489
Mercer CountyKentucky,21933
Metcalfe CountyKentucky,10071
Monroe CountyKentucky,10650
Montgomery CountyKentucky,28157
Morgan CountyKentucky,13309
Muhlenberg CountyKentucky,30622
Nelson CountyKentucky,46233
Nicholas CountyKentucky,7269
Ohio CountyKentucky,23994
Oldham CountyKentucky,66799
Owen CountyKentucky,10901
Owsley CountyKentucky,4415
Pendleton CountyKentucky,14590
Perry CountyKentucky,25758
Pike CountyKentucky,57876
Powell CountyKentucky,12359
Pulaski CountyKentucky,64979
Robertson CountyKentucky,2108
Rockcastle CountyKentucky,16695
Rowan CountyKentucky,24460
Russell CountyKentucky,17923
Scott CountyKentucky,57004
Shelby CountyKentucky,49024
Simpson CountyKentucky,18572
Spencer CountyKentucky,19351
Taylor CountyKentucky,25769
Todd CountyKentucky,12294
Trigg CountyKentucky,14651
Trimble CountyKentucky,8471
Union CountyKentucky,14381
Warren CountyKentucky,132896
Washington CountyKentucky,12095
Wayne CountyKentucky,20333
Webster CountyKentucky,12942
Whitley CountyKentucky,36264
Wolfe CountyKentucky,7157
Woodford CountyKentucky,26734
Acadia ParishLouisiana,62045
Allen ParishLouisiana,25627
Ascension ParishLouisiana,126604
Assumption ParishLouisiana,21891
Avoyelles ParishLouisiana,40144
Beauregard ParishLouisiana,37497
Bienville ParishLouisiana,13241
Bossier ParishLouisiana,127039
Caddo ParishLouisiana,240204
Calcasieu ParishLouisiana,203436
Caldwell ParishLouisiana,9918
Cameron ParishLouisiana,6973
Catahoula ParishLouisiana,9494
Claiborne ParishLouisiana,15670
Concordia ParishLouisiana,19259
De Soto ParishLouisiana,27463
East Baton Rouge ParishLouisiana,440059
East Carroll ParishLouisiana,6861
East Feliciana ParishLouisiana,19135
Evangeline ParishLouisiana,33395
Franklin ParishLouisiana,20015
Grant ParishLouisiana,22389
Iberia ParishLouisiana,69830
Iberville ParishLouisiana,32511
Jackson ParishLouisiana,15744
Jefferson ParishLouisiana,432493
Jefferson Davis ParishLouisiana,31368
Lafayette ParishLouisiana,244390
Lafourche ParishLouisiana,97614
LaSalle ParishLouisiana,14892
Lincoln ParishLouisiana,46742
Livingston ParishLouisiana,140789
Madison ParishLouisiana,10951
Morehouse ParishLouisiana,24874
Natchitoches ParishLouisiana,38158
Orleans ParishLouisiana,390144
Ouachita ParishLouisiana,153279
Plaquemines ParishLouisiana,23197
Pointe Coupee ParishLouisiana,21730
Rapides ParishLouisiana,129648
Red River ParishLouisiana,8442
Richland ParishLouisiana,20122
Sabine ParishLouisiana,23884
St. Bernard ParishLouisiana,47244
St. Charles ParishLouisiana,53100
St. Helena ParishLouisiana,10132
St. James ParishLouisiana,21096
St. John the Baptist ParishLouisiana,42837
St. Landry ParishLouisiana,82124
St. Martin ParishLouisiana,53431
St. Mary ParishLouisiana,49348
St. Tammany ParishLouisiana,260419
Tangipahoa ParishLouisiana,134758
Tensas ParishLouisiana,4334
Terrebonne ParishLouisiana,110461
Union ParishLouisiana,22108
Vermilion ParishLouisiana,59511
Vernon ParishLouisiana,47429
Washington ParishLouisiana,46194
Webster ParishLouisiana,38340
West Baton Rouge ParishLouisiana,26465
West Carroll ParishLouisiana,10830
West Feliciana ParishLouisiana,15568
Winn ParishLouisiana,13904
Androscoggin CountyMaine,108277
Aroostook CountyMaine,67055
Cumberland CountyMaine,295003
Franklin CountyMaine,30199
Hancock CountyMaine,54987
Kennebec CountyMaine,122302
Knox CountyMaine,39772
Lincoln CountyMaine,34634
Oxford CountyMaine,57975
Penobscot CountyMaine,152148
Piscataquis CountyMaine,16785
Sagadahoc CountyMaine,35856
Somerset CountyMaine,50484
Waldo CountyMaine,39715
Washington CountyMaine,31379
York CountyMaine,207641
Allegany CountyMaryland,70416
Anne Arundel CountyMaryland,579234
Baltimore CountyMaryland,827370
Calvert CountyMaryland,92525
Caroline CountyMaryland,33406
Carroll CountyMaryland,168447
Cecil CountyMaryland,102855
Charles CountyMaryland,163257
Dorchester CountyMaryland,31929
Frederick CountyMaryland,259547
Garrett CountyMaryland,29014
Harford CountyMaryland,255441
Howard CountyMaryland,325690
Kent CountyMaryland,19422
Montgomery CountyMaryland,1050688
Prince George's CountyMaryland,909327
Queen Anne's CountyMaryland,50381
St. Mary's CountyMaryland,113510
Somerset CountyMaryland,25616
Talbot CountyMaryland,37181
Washington CountyMaryland,151049
Wicomico CountyMaryland,103609
Worcester CountyMaryland,52276
Baltimore cityMaryland,593490
Barnstable CountyMassachusetts,212990
Berkshire CountyMassachusetts,124944
Bristol CountyMassachusetts,565217
Dukes CountyMassachusetts,17332
Essex CountyMassachusetts,789034
Franklin CountyMassachusetts,70180
Hampden CountyMassachusetts,466372
Hampshire CountyMassachusetts,160830
Middlesex CountyMassachusetts,1611699
Nantucket CountyMassachusetts,11399
Norfolk CountyMassachusetts,706775
Plymouth CountyMassachusetts,521202
Suffolk CountyMassachusetts,803907
Worcester CountyMassachusetts,830622
Alcona CountyMichigan,10405
Alger CountyMichigan,9108
Allegan CountyMichigan,118081
Alpena CountyMichigan,28405
Antrim CountyMichigan,23324
Arenac CountyMichigan,14883
Baraga CountyMichigan,8209
Barry CountyMichigan,61550
Bay CountyMichigan,103126
Benzie CountyMichigan,17766
Berrien CountyMichigan,153401
Branch CountyMichigan,43517
Calhoun CountyMichigan,134159
Cass CountyMichigan,51787
Charlevoix CountyMichigan,26143
Cheboygan CountyMichigan,25276
Chippewa CountyMichigan,37349
Clare CountyMichigan,30950
Clinton CountyMichigan,79595
Crawford CountyMichigan,14029
Delta CountyMichigan,35784
Dickinson CountyMichigan,25239
Eaton CountyMichigan,110268
Emmet CountyMichigan,33415
Genesee CountyMichigan,405813
Gladwin CountyMichigan,25449
Gogebic CountyMichigan,13975
Grand Traverse CountyMichigan,93088
Gratiot CountyMichigan,40711
Hillsdale CountyMichigan,45605
Houghton CountyMichigan,35684
Huron CountyMichigan,30981
Ingham CountyMichigan,292406
Ionia CountyMichigan,64697
Iosco CountyMichigan,25127
Iron CountyMichigan,11066
Isabella CountyMichigan,69872
Jackson CountyMichigan,158510
Kalamazoo CountyMichigan,265066
Kalkaska CountyMichigan,18038
Kent CountyMichigan,656955
Keweenaw CountyMichigan,2116
Lake CountyMichigan,11853
Lapeer CountyMichigan,87607
Leelanau CountyMichigan,21761
Lenawee CountyMichigan,98451
Livingston CountyMichigan,191995
Luce CountyMichigan,6229
Mackinac CountyMichigan,10799
Macomb CountyMichigan,873972
Manistee CountyMichigan,24558
Marquette CountyMichigan,66699
Mason CountyMichigan,29144
Mecosta CountyMichigan,43453
Menominee CountyMichigan,22780
Midland CountyMichigan,83156
Missaukee CountyMichigan,15118
Monroe CountyMichigan,150500
Montcalm CountyMichigan,63888
Montmorency CountyMichigan,9328
Muskegon CountyMichigan,173566
Newaygo CountyMichigan,48980
Oakland CountyMichigan,1257584
Oceana CountyMichigan,26467
Ogemaw CountyMichigan,20997
Ontonagon CountyMichigan,5720
Osceola CountyMichigan,23460
Oscoda CountyMichigan,8241
Otsego CountyMichigan,24668
Ottawa CountyMichigan,291830
Presque Isle CountyMichigan,12592
Roscommon CountyMichigan,24019
Saginaw CountyMichigan,190539
St. Clair CountyMichigan,159128
St. Joseph CountyMichigan,60964
Sanilac CountyMichigan,41170
Schoolcraft CountyMichigan,8094
Shiawassee CountyMichigan,68122
Tuscola CountyMichigan,52245
Van Buren CountyMichigan,75677
Washtenaw CountyMichigan,367601
Wayne CountyMichigan,1749343
Wexford CountyMichigan,33631
Aitkin CountyMinnesota,15886
Anoka CountyMinnesota,356921
Becker CountyMinnesota,34423
Beltrami CountyMinnesota,47188
Benton CountyMinnesota,40889
Big Stone CountyMinnesota,4991
Blue Earth CountyMinnesota,67653
Brown CountyMinnesota,25008
Carlton CountyMinnesota,35871
Carver CountyMinnesota,105089
Cass CountyMinnesota,29779
Chippewa CountyMinnesota,11800
Chisago CountyMinnesota,56579
Clay CountyMinnesota,64222
Clearwater CountyMinnesota,8818
Cook CountyMinnesota,5463
Cottonwood CountyMinnesota,11196
Crow Wing CountyMinnesota,65055
Dakota CountyMinnesota,429021
Dodge CountyMinnesota,20934
Douglas CountyMinnesota,38141
Faribault CountyMinnesota,13653
Fillmore CountyMinnesota,21067
Freeborn CountyMinnesota,30281
Goodhue CountyMinnesota,46340
Grant CountyMinnesota,5972
Hennepin CountyMinnesota,1265843
Houston CountyMinnesota,18600
Hubbard CountyMinnesota,21491
Isanti CountyMinnesota,40596
Itasca CountyMinnesota,45130
Jackson CountyMinnesota,9846
Kanabec CountyMinnesota,16337
Kandiyohi CountyMinnesota,43199
Kittson CountyMinnesota,4298
Koochiching CountyMinnesota,12229
Lac qui Parle CountyMinnesota,6623
Lake CountyMinnesota,10641
Lake of the Woods CountyMinnesota,3740
Le Sueur CountyMinnesota,28887
Lincoln CountyMinnesota,5639
Lyon CountyMinnesota,25474
McLeod CountyMinnesota,35893
Mahnomen CountyMinnesota,5527
Marshall CountyMinnesota,9336
Martin CountyMinnesota,19683
Meeker CountyMinnesota,23222
Mille Lacs CountyMinnesota,26277
Morrison CountyMinnesota,33386
Mower CountyMinnesota,40062
Murray CountyMinnesota,8194
Nicollet CountyMinnesota,34274
Nobles CountyMinnesota,21629
Norman CountyMinnesota,6375
Olmsted CountyMinnesota,158293
Otter Tail CountyMinnesota,58746
Pennington CountyMinnesota,14119
Pine CountyMinnesota,29579
Pipestone CountyMinnesota,9126
Polk CountyMinnesota,31364
Pope CountyMinnesota,11249
Ramsey CountyMinnesota,550321
Red Lake CountyMinnesota,4055
Redwood CountyMinnesota,15170
Renville CountyMinnesota,14548
Rice CountyMinnesota,66972
Rock CountyMinnesota,9315
Roseau CountyMinnesota,15165
St. Louis CountyMinnesota,199070
Scott CountyMinnesota,149013
Sherburne CountyMinnesota,97238
Sibley CountyMinnesota,14865
Stearns CountyMinnesota,161075
Steele CountyMinnesota,36649
Stevens CountyMinnesota,9805
Swift CountyMinnesota,9266
Todd CountyMinnesota,24664
Traverse CountyMinnesota,3259
Wabasha CountyMinnesota,21627
Wadena CountyMinnesota,13682
Waseca CountyMinnesota,18612
Washington CountyMinnesota,262440
Watonwan CountyMinnesota,10897
Wilkin CountyMinnesota,6207
Winona CountyMinnesota,50484
Wright CountyMinnesota,138377
Yellow Medicine CountyMinnesota,9709
Adams CountyMississippi,30693
Alcorn CountyMississippi,36953
Amite CountyMississippi,12297
Attala CountyMississippi,18174
Benton CountyMississippi,8259
Bolivar CountyMississippi,30628
Calhoun CountyMississippi,14361
Carroll CountyMississippi,9947
Chickasaw CountyMississippi,17103
Choctaw CountyMississippi,8210
Claiborne CountyMississippi,8988
Clarke CountyMississippi,15541
Clay CountyMississippi,19316
Coahoma CountyMississippi,22124
Copiah CountyMississippi,28065
Covington CountyMississippi,18636
DeSoto CountyMississippi,184945
Forrest CountyMississippi,74897
Franklin CountyMississippi,7713
George CountyMississippi,24500
Greene CountyMississippi,13586
Grenada CountyMississippi,20758
Hancock CountyMississippi,47632
Harrison CountyMississippi,208080
Hinds CountyMississippi,231840
Holmes CountyMississippi,17010
Humphreys CountyMississippi,8064
Issaquena CountyMississippi,1327
Itawamba CountyMississippi,23390
Jackson CountyMississippi,143617
Jasper CountyMississippi,16383
Jefferson CountyMississippi,6990
Jefferson Davis CountyMississippi,11128
Jones CountyMississippi,68098
Kemper CountyMississippi,9742
Lafayette CountyMississippi,54019
Lamar CountyMississippi,63343
Lauderdale CountyMississippi,74125
Lawrence CountyMississippi,12586
Leake CountyMississippi,22786
Lee CountyMississippi,85436
Leflore CountyMississippi,28183
Lincoln CountyMississippi,34153
Lowndes CountyMississippi,58595
Madison CountyMississippi,106272
Marion CountyMississippi,24573
Marshall CountyMississippi,35294
Monroe CountyMississippi,35252
Montgomery CountyMississippi,9775
Neshoba CountyMississippi,29118
Newton CountyMississippi,21018
Noxubee CountyMississippi,10417
Oktibbeha CountyMississippi,49587
Panola CountyMississippi,34192
Pearl River CountyMississippi,55535
Perry CountyMississippi,11973
Pike CountyMississippi,39288
Pontotoc CountyMississippi,32174
Prentiss CountyMississippi,25126
Quitman CountyMississippi,6792
Rankin CountyMississippi,155271
Scott CountyMississippi,28124
Sharkey CountyMississippi,4321
Simpson CountyMississippi,26658
Smith CountyMississippi,15916
Stone CountyMississippi,18336
Sunflower CountyMississippi,25110
Tallahatchie CountyMississippi,13809
Tate CountyMississippi,28321
Tippah CountyMississippi,22015
Tishomingo CountyMississippi,19383
Tunica CountyMississippi,9632
Union CountyMississippi,28815
Walthall CountyMississippi,14286
Warren CountyMississippi,45381
Washington CountyMississippi,43909
Wayne CountyMississippi,20183
Webster CountyMississippi,9689
Wilkinson CountyMississippi,8630
Winston CountyMississippi,17955
Yalobusha CountyMississippi,12108
Yazoo CountyMississippi,29690
Adair CountyMissouri,25343
Andrew CountyMissouri,17712
Atchison CountyMissouri,5143
Audrain CountyMissouri,25388
Barry CountyMissouri,35789
Barton CountyMissouri,11754
Bates CountyMissouri,16172
Benton CountyMissouri,19443
Bollinger CountyMissouri,12133
Boone CountyMissouri,180463
Buchanan CountyMissouri,87364
Butler CountyMissouri,42478
Caldwell CountyMissouri,9020
Callaway CountyMissouri,44743
Camden CountyMissouri,46305
Cape Girardeau CountyMissouri,78871
Carroll CountyMissouri,8679
Carter CountyMissouri,5982
Cass CountyMissouri,105780
Cedar CountyMissouri,14349
Chariton CountyMissouri,7426
Christian CountyMissouri,88595
Clark CountyMissouri,6797
Clay CountyMissouri,249948
Clinton CountyMissouri,20387
Cole CountyMissouri,76745
Cooper CountyMissouri,17709
Crawford CountyMissouri,23920
Dade CountyMissouri,7561
Dallas CountyMissouri,16878
Daviess CountyMissouri,8278
DeKalb CountyMissouri,12547
Dent CountyMissouri,15573
Douglas CountyMissouri,13185
Dunklin CountyMissouri,29131
Franklin CountyMissouri,103967
Gasconade CountyMissouri,14706
Gentry CountyMissouri,6571
Greene CountyMissouri,293086
Grundy CountyMissouri,9850
Harrison CountyMissouri,8352
Henry CountyMissouri,21824
Hickory CountyMissouri,9544
Holt CountyMissouri,4403
Howard CountyMissouri,10001
Howell CountyMissouri,40117
Iron CountyMissouri,10125
Jackson CountyMissouri,703011
Jasper CountyMissouri,121328
Jefferson CountyMissouri,225081
Johnson CountyMissouri,54062
Knox CountyMissouri,3959
Laclede CountyMissouri,35723
Lafayette CountyMissouri,32708
Lawrence CountyMissouri,38355
Lewis CountyMissouri,9776
Lincoln CountyMissouri,59013
Linn CountyMissouri,11920
Livingston CountyMissouri,15227
McDonald CountyMissouri,22837
Macon CountyMissouri,15117
Madison CountyMissouri,12088
Maries CountyMissouri,8697
Marion CountyMissouri,28530
Mercer CountyMissouri,3617
Miller CountyMissouri,25619
Mississippi CountyMissouri,13180
Moniteau CountyMissouri,16132
Monroe CountyMissouri,8644
Montgomery CountyMissouri,11551
Morgan CountyMissouri,20627
New Madrid CountyMissouri,17076
Newton CountyMissouri,58236
Nodaway CountyMissouri,22092
Oregon CountyMissouri,10529
Osage CountyMissouri,13615
Ozark CountyMissouri,9174
Pemiscot CountyMissouri,15805
Perry CountyMissouri,19136
Pettis CountyMissouri,42339
Phelps CountyMissouri,44573
Pike CountyMissouri,18302
Platte CountyMissouri,104418
Polk CountyMissouri,32149
Pulaski CountyMissouri,52607
Putnam CountyMissouri,4696
Ralls CountyMissouri,10309
Randolph CountyMissouri,24748
Ray CountyMissouri,23018
Reynolds CountyMissouri,6270
Ripley CountyMissouri,13288
St. Charles CountyMissouri,402022
St. Clair CountyMissouri,9397
Ste Genevieve CountyMissouri,17894
St. Francois CountyMissouri,67215
St. Louis CountyMissouri,994205
Saline CountyMissouri,22761
Schuyler CountyMissouri,4660
Scotland CountyMissouri,4902
Scott CountyMissouri,38280
Shannon CountyMissouri,8166
Shelby CountyMissouri,5930
Stoddard CountyMissouri,29025
Stone CountyMissouri,31952
Sullivan CountyMissouri,6089
Taney CountyMissouri,55928
Texas CountyMissouri,25398
Vernon CountyMissouri,20563
Warren CountyMissouri,35649
Washington CountyMissouri,24730
Wayne CountyMissouri,12873
Webster CountyMissouri,39592
Worth CountyMissouri,2013
Wright CountyMissouri,18289
St. Louis cityMissouri,300576
Beaverhead CountyMontana,9453
Big Horn CountyMontana,13319
Blaine CountyMontana,6681
Broadwater CountyMontana,6237
Carbon CountyMontana,10725
Carter CountyMontana,1252
Cascade CountyMontana,81366
Chouteau CountyMontana,5635
Custer CountyMontana,11402
Daniels CountyMontana,1690
Dawson CountyMontana,8613
Deer Lodge CountyMontana,9140
Fallon CountyMontana,2846
Fergus CountyMontana,11050
Flathead CountyMontana,103806
Gallatin CountyMontana,114434
Garfield CountyMontana,1258
Glacier CountyMontana,13753
Golden Valley CountyMontana,821
Granite CountyMontana,3379
Hill CountyMontana,16484
Jefferson CountyMontana,12221
Judith Basin CountyMontana,2007
Lake CountyMontana,30458
Lewis and Clark CountyMontana,69432
Liberty CountyMontana,2337
Lincoln CountyMontana,19980
McCone CountyMontana,1664
Madison CountyMontana,8600
Meagher CountyMontana,1862
Mineral CountyMontana,4397
Missoula CountyMontana,119600
Musselshell CountyMontana,4633
Park CountyMontana,16606
Petroleum CountyMontana,487
Phillips CountyMontana,3954
Pondera CountyMontana,5911
Powder River CountyMontana,1682
Powell CountyMontana,6890
Prairie CountyMontana,1077
Ravalli CountyMontana,43806
Richland CountyMontana,10803
Roosevelt CountyMontana,11004
Rosebud CountyMontana,8937
Sanders CountyMontana,12113
Sheridan CountyMontana,3309
Silver Bow CountyMontana,34915
Stillwater CountyMontana,9642
Sweet Grass CountyMontana,3737
Teton CountyMontana,6147
Toole CountyMontana,4736
Treasure CountyMontana,696
Valley CountyMontana,7396
Wheatland CountyMontana,2126
Wibaux CountyMontana,969
Yellowstone CountyMontana,161300
Adams CountyNebraska,31363
Antelope CountyNebraska,6298
Arthur CountyNebraska,463
Banner CountyNebraska,745
Blaine CountyNebraska,465
Boone CountyNebraska,5192
Box Butte CountyNebraska,10783
Boyd CountyNebraska,1919
Brown CountyNebraska,2955
Buffalo CountyNebraska,49659
Burt CountyNebraska,6459
Butler CountyNebraska,8016
Cass CountyNebraska,26248
Cedar CountyNebraska,8402
Chase CountyNebraska,3924
Cherry CountyNebraska,5689
Cheyenne CountyNebraska,8910
Clay CountyNebraska,6203
Colfax CountyNebraska,10709
Cuming CountyNebraska,8846
Custer CountyNebraska,10777
Dakota CountyNebraska,20026
Dawes CountyNebraska,8589
Dawson CountyNebraska,23595
Deuel CountyNebraska,1794
Dixon CountyNebraska,5636
Dodge CountyNebraska,36565
Douglas CountyNebraska,571327
Dundy CountyNebraska,1693
Fillmore CountyNebraska,5462
Franklin CountyNebraska,2979
Frontier CountyNebraska,2627
Furnas CountyNebraska,4676
Gage CountyNebraska,21513
Garden CountyNebraska,1837
Garfield CountyNebraska,1969
Gosper CountyNebraska,1990
Grant CountyNebraska,623
Greeley CountyNebraska,2356
Hall CountyNebraska,61353
Hamilton CountyNebraska,9324
Harlan CountyNebraska,3380
Hayes CountyNebraska,922
Hitchcock CountyNebraska,2762
Holt CountyNebraska,10067
Hooker CountyNebraska,682
Howard CountyNebraska,6445
Jefferson CountyNebraska,7046
Johnson CountyNebraska,5071
Kearney CountyNebraska,6495
Keith CountyNebraska,8034
Keya Paha CountyNebraska,806
Kimball CountyNebraska,3632
Knox CountyNebraska,8332
Lancaster CountyNebraska,319090
Lincoln CountyNebraska,34914
Logan CountyNebraska,748
Loup CountyNebraska,664
McPherson CountyNebraska,494
Madison CountyNebraska,35099
Merrick CountyNebraska,7755
Morrill CountyNebraska,4642
Nance CountyNebraska,3519
Nemaha CountyNebraska,6972
Nuckolls CountyNebraska,4148
Otoe CountyNebraska,16012
Pawnee CountyNebraska,2613
Perkins CountyNebraska,2891
Phelps CountyNebraska,9034
Pierce CountyNebraska,7148
Platte CountyNebraska,33470
Polk CountyNebraska,5213
Red Willow CountyNebraska,10724
Richardson CountyNebraska,7865
Rock CountyNebraska,1357
Saline CountyNebraska,14224
Sarpy CountyNebraska,187196
Saunders CountyNebraska,21578
Scotts Bluff CountyNebraska,35618
Seward CountyNebraska,17284
Sheridan CountyNebraska,5246
Sherman CountyNebraska,3001
Sioux CountyNebraska,1166
Stanton CountyNebraska,5920
Thayer CountyNebraska,5003
Thomas CountyNebraska,722
Thurston CountyNebraska,7224
Valley CountyNebraska,4158
Washington CountyNebraska,20729
Wayne CountyNebraska,9385
Webster CountyNebraska,3487
Wheeler CountyNebraska,783
York CountyNebraska,13679
Churchill CountyNevada,24909
Clark CountyNevada,2266715
Douglas CountyNevada,48905
Elko CountyNevada,52778
Esmeralda CountyNevada,873
Eureka CountyNevada,2029
Humboldt CountyNevada,16831
Lander CountyNevada,5532
Lincoln CountyNevada,5183
Lyon CountyNevada,57510
Mineral CountyNevada,4505
Nye CountyNevada,46523
Pershing CountyNevada,6725
Storey CountyNevada,4123
Washoe CountyNevada,471519
White Pine CountyNevada,9580
Carson CityNevada,55916
Belknap CountyNew Hampshire,61303
Carroll CountyNew Hampshire,48910
Cheshire CountyNew Hampshire,76085
Coos CountyNew Hampshire,31563
Grafton CountyNew Hampshire,89886
Hillsborough CountyNew Hampshire,417025
Merrimack CountyNew Hampshire,151391
Rockingham CountyNew Hampshire,309769
Strafford CountyNew Hampshire,130633
Sullivan CountyNew Hampshire,43146
Atlantic CountyNew Jersey,263670
Bergen CountyNew Jersey,932202
Burlington CountyNew Jersey,445349
Camden CountyNew Jersey,506471
Cape May CountyNew Jersey,92039
Cumberland CountyNew Jersey,149527
Essex CountyNew Jersey,798975
Gloucester CountyNew Jersey,291636
Hudson CountyNew Jersey,672391
Hunterdon CountyNew Jersey,124371
Mercer CountyNew Jersey,367430
Middlesex CountyNew Jersey,825062
Monmouth CountyNew Jersey,618795
Morris CountyNew Jersey,491845
Ocean CountyNew Jersey,607186
Passaic CountyNew Jersey,501826
Salem CountyNew Jersey,62385
Somerset CountyNew Jersey,328934
Sussex CountyNew Jersey,140488
Union CountyNew Jersey,556341
Warren CountyNew Jersey,105267
Bernalillo CountyNew Mexico,679121
Catron CountyNew Mexico,3527
Chaves CountyNew Mexico,64615
Cibola CountyNew Mexico,26675
Colfax CountyNew Mexico,11941
Curry CountyNew Mexico,48954
De Baca CountyNew Mexico,1748
Doña Ana CountyNew Mexico,218195
Eddy CountyNew Mexico,58460
Grant CountyNew Mexico,26998
Guadalupe CountyNew Mexico,4300
Harding CountyNew Mexico,625
Hidalgo CountyNew Mexico,4198
Lea CountyNew Mexico,71070
Lincoln CountyNew Mexico,19572
Los Alamos CountyNew Mexico,19369
Luna CountyNew Mexico,23709
McKinley CountyNew Mexico,71367
Mora CountyNew Mexico,4521
Otero CountyNew Mexico,67490
Quay CountyNew Mexico,8253
Rio Arriba CountyNew Mexico,38921
Roosevelt CountyNew Mexico,18500
Sandoval CountyNew Mexico,146748
San Juan CountyNew Mexico,123958
San Miguel CountyNew Mexico,27277
Santa Fe CountyNew Mexico,150358
Sierra CountyNew Mexico,10791
Socorro CountyNew Mexico,16637
Taos CountyNew Mexico,32723
Torrance CountyNew Mexico,15461
Union CountyNew Mexico,4059
Valencia CountyNew Mexico,76688
Albany CountyNew York,305506
Allegany CountyNew York,46091
Bronx CountyNew York,1418207
Broome CountyNew York,190488
Cattaraugus CountyNew York,76117
Cayuga CountyNew York,76576
Chautauqua CountyNew York,126903
Chemung CountyNew York,83456
Chenango CountyNew York,47207
Clinton CountyNew York,80485
Columbia CountyNew York,59461
Cortland CountyNew York,47581
Delaware CountyNew York,44135
Dutchess CountyNew York,294218
Erie CountyNew York,918702
Essex CountyNew York,36885
Franklin CountyNew York,50022
Fulton CountyNew York,53383
Genesee CountyNew York,57280
Greene CountyNew York,47188
Hamilton CountyNew York,4416
Herkimer CountyNew York,61319
Jefferson CountyNew York,109834
Kings CountyNew York,2559903
Lewis CountyNew York,26296
Livingston CountyNew York,62914
Madison CountyNew York,70941
Monroe CountyNew York,741770
Montgomery CountyNew York,49221
Nassau CountyNew York,1356924
New York CountyNew York,1628706
Niagara CountyNew York,209281
Oneida CountyNew York,228671
Onondaga CountyNew York,460528
Ontario CountyNew York,109777
Orange CountyNew York,384940
Orleans CountyNew York,40352
Oswego CountyNew York,117124
Otsego CountyNew York,59493
Putnam CountyNew York,98320
Queens CountyNew York,2253858
Rensselaer CountyNew York,158714
Richmond CountyNew York,476143
Rockland CountyNew York,325789
St. Lawrence CountyNew York,107740
Saratoga CountyNew York,229863
Schenectady CountyNew York,155299
Schoharie CountyNew York,30999
Schuyler CountyNew York,17807
Seneca CountyNew York,34016
Steuben CountyNew York,95379
Suffolk CountyNew York,1476601
Sullivan CountyNew York,75432
Tioga CountyNew York,48203
Tompkins CountyNew York,102180
Ulster CountyNew York,177573
Warren CountyNew York,63944
Washington CountyNew York,61204
Wayne CountyNew York,89918
Westchester CountyNew York,967506
Wyoming CountyNew York,39859
Yates CountyNew York,24913
Alamance CountyNorth Carolina,169509
Alexander CountyNorth Carolina,37497
Alleghany CountyNorth Carolina,11137
Anson CountyNorth Carolina,24446
Ashe CountyNorth Carolina,27203
Avery CountyNorth Carolina,17557
Beaufort CountyNorth Carolina,46994
Bertie CountyNorth Carolina,18947
Bladen CountyNorth Carolina,32722
Brunswick CountyNorth Carolina,142820
Buncombe CountyNorth Carolina,261191
Burke CountyNorth Carolina,90485
Cabarrus CountyNorth Carolina,216453
Caldwell CountyNorth Carolina,82178
Camden CountyNorth Carolina,10867
Carteret CountyNorth Carolina,69473
Caswell CountyNorth Carolina,22604
Catawba CountyNorth Carolina,159551
Chatham CountyNorth Carolina,74470
Cherokee CountyNorth Carolina,28612
Chowan CountyNorth Carolina,13943
Clay CountyNorth Carolina,11231
Cleveland CountyNorth Carolina,97947
Columbus CountyNorth Carolina,55508
Craven CountyNorth Carolina,102139
Cumberland CountyNorth Carolina,335509
Currituck CountyNorth Carolina,27763
Dare CountyNorth Carolina,37009
Davidson CountyNorth Carolina,167609
Davie CountyNorth Carolina,42846
Duplin CountyNorth Carolina,58741
Durham CountyNorth Carolina,321488
Edgecombe CountyNorth Carolina,51472
Forsyth CountyNorth Carolina,382295
Franklin CountyNorth Carolina,69685
Gaston CountyNorth Carolina,224529
Gates CountyNorth Carolina,11562
Graham CountyNorth Carolina,8441
Granville CountyNorth Carolina,60443
Greene CountyNorth Carolina,21069
Guilford CountyNorth Carolina,537174
Halifax CountyNorth Carolina,50010
Harnett CountyNorth Carolina,135976
Haywood CountyNorth Carolina,62317
Henderson CountyNorth Carolina,117417
Hertford CountyNorth Carolina,23677
Hoke CountyNorth Carolina,55234
Hyde CountyNorth Carolina,4937
Iredell CountyNorth Carolina,181806
Jackson CountyNorth Carolina,43938
Johnston CountyNorth Carolina,209339
Jones CountyNorth Carolina,9419
Lee CountyNorth Carolina,61779
Lenoir CountyNorth Carolina,55949
Lincoln CountyNorth Carolina,86111
McDowell CountyNorth Carolina,45756
Macon CountyNorth Carolina,35858
Madison CountyNorth Carolina,21755
Martin CountyNorth Carolina,22440
Mecklenburg CountyNorth Carolina,1110356
Mitchell CountyNorth Carolina,14964
Montgomery CountyNorth Carolina,27173
Moore CountyNorth Carolina,100880
Nash CountyNorth Carolina,94298
New Hanover CountyNorth Carolina,234473
Northampton CountyNorth Carolina,19483
Onslow CountyNorth Carolina,197938
Orange CountyNorth Carolina,148476
Pamlico CountyNorth Carolina,12726
Pasquotank CountyNorth Carolina,39824
Pender CountyNorth Carolina,63060
Perquimans CountyNorth Carolina,13463
Person CountyNorth Carolina,39490
Pitt CountyNorth Carolina,180742
Polk CountyNorth Carolina,20724
Randolph CountyNorth Carolina,143667
Richmond CountyNorth Carolina,44829
Robeson CountyNorth Carolina,130625
Rockingham CountyNorth Carolina,91010
Rowan CountyNorth Carolina,142088
Rutherford CountyNorth Carolina,67029
Sampson CountyNorth Carolina,63531
Scotland CountyNorth Carolina,34823
Stanly CountyNorth Carolina,62806
Stokes CountyNorth Carolina,45591
Surry CountyNorth Carolina,71783
Swain CountyNorth Carolina,14271
Transylvania CountyNorth Carolina,34385
Tyrrell CountyNorth Carolina,4016
Union CountyNorth Carolina,239859
Vance CountyNorth Carolina,44535
Wake CountyNorth Carolina,1111761
Warren CountyNorth Carolina,19731
Washington CountyNorth Carolina,11580
Watauga CountyNorth Carolina,56177
Wayne CountyNorth Carolina,123131
Wilkes CountyNorth Carolina,68412
Wilson CountyNorth Carolina,81801
Yadkin CountyNorth Carolina,37667
Yancey CountyNorth Carolina,18069
Adams CountyNorth Dakota,2216
Barnes CountyNorth Dakota,10415
Benson CountyNorth Dakota,6832
Billings CountyNorth Dakota,928
Bottineau CountyNorth Dakota,6282
Bowman CountyNorth Dakota,3024
Burke CountyNorth Dakota,2115
Burleigh CountyNorth Dakota,95626
Cass CountyNorth Dakota,181923
Cavalier CountyNorth Dakota,3762
Dickey CountyNorth Dakota,4872
Divide CountyNorth Dakota,2264
Dunn CountyNorth Dakota,4424
Eddy CountyNorth Dakota,2287
Emmons CountyNorth Dakota,3241
Foster CountyNorth Dakota,3210
Golden Valley CountyNorth Dakota,1761
Grand Forks CountyNorth Dakota,69451
Grant CountyNorth Dakota,2274
Griggs CountyNorth Dakota,2231
Hettinger CountyNorth Dakota,2499
Kidder CountyNorth Dakota,2480
LaMoure CountyNorth Dakota,4046
Logan CountyNorth Dakota,1850
McHenry CountyNorth Dakota,5745
McIntosh CountyNorth Dakota,2497
McKenzie CountyNorth Dakota,15024
McLean CountyNorth Dakota,9450
Mercer CountyNorth Dakota,8187
Morton CountyNorth Dakota,31364
Mountrail CountyNorth Dakota,10545
Nelson CountyNorth Dakota,2879
Oliver CountyNorth Dakota,1959
Pembina CountyNorth Dakota,6801
Pierce CountyNorth Dakota,3975
Ramsey CountyNorth Dakota,11519
Ransom CountyNorth Dakota,5218
Renville CountyNorth Dakota,2327
Richland CountyNorth Dakota,16177
Rolette CountyNorth Dakota,14176
Sargent CountyNorth Dakota,3898
Sheridan CountyNorth Dakota,1315
Sioux CountyNorth Dakota,4230
Slope CountyNorth Dakota,750
Stark CountyNorth Dakota,31489
Steele CountyNorth Dakota,1890
Stutsman CountyNorth Dakota,20704
Towner CountyNorth Dakota,2189
Traill CountyNorth Dakota,8036
Walsh CountyNorth Dakota,10641
Ward CountyNorth Dakota,67641
Wells CountyNorth Dakota,3834
Williams CountyNorth Dakota,37589
Adams CountyOhio,27698
Allen CountyOhio,102351
Ashland CountyOhio,53484
Ashtabula CountyOhio,97241
Athens CountyOhio,65327
Auglaize CountyOhio,45656
Belmont CountyOhio,67006
Brown CountyOhio,43432
Butler CountyOhio,383134
Carroll CountyOhio,26914
Champaign CountyOhio,38885
Clark CountyOhio,134083
Clermont CountyOhio,206428
Clinton CountyOhio,41968
Columbiana CountyOhio,101883
Coshocton CountyOhio,36600
Crawford CountyOhio,41494
Cuyahoga CountyOhio,1235072
Darke CountyOhio,51113
Defiance CountyOhio,38087
Delaware CountyOhio,209177
Erie CountyOhio,74266
Fairfield CountyOhio,157574
Fayette CountyOhio,28525
Franklin CountyOhio,1316756
Fulton CountyOhio,42126
Gallia CountyOhio,29898
Geauga CountyOhio,93649
Greene CountyOhio,168937
Guernsey CountyOhio,38875
Hamilton CountyOhio,817473
Hancock CountyOhio,75783
Hardin CountyOhio,31365
Harrison CountyOhio,15040
Henry CountyOhio,27006
Highland CountyOhio,43161
Hocking CountyOhio,28264
Holmes CountyOhio,43960
Huron CountyOhio,58266
Jackson CountyOhio,32413
Jefferson CountyOhio,65325
Knox CountyOhio,62322
Lake CountyOhio,230149
Lawrence CountyOhio,59463
Licking CountyOhio,176862
Logan CountyOhio,45672
Lorain CountyOhio,309833
Lucas CountyOhio,428348
Madison CountyOhio,44731
Mahoning CountyOhio,228683
Marion CountyOhio,65093
Medina CountyOhio,179746
Meigs CountyOhio,22907
Mercer CountyOhio,41172
Miami CountyOhio,106987
Monroe CountyOhio,13654
Montgomery CountyOhio,531687
Morgan CountyOhio,14508
Morrow CountyOhio,35328
Muskingum CountyOhio,86215
Noble CountyOhio,14424
Ottawa CountyOhio,40525
Paulding CountyOhio,18672
Perry CountyOhio,36134
Pickaway CountyOhio,58457
Pike CountyOhio,27772
Portage CountyOhio,162466
Preble CountyOhio,40882
Putnam CountyOhio,33861
Richland CountyOhio,121154
Ross CountyOhio,76666
Sandusky CountyOhio,58518
Scioto CountyOhio,75314
Seneca CountyOhio,55178
Shelby CountyOhio,48590
Stark CountyOhio,370606
Summit CountyOhio,541013
Trumbull CountyOhio,197974
Tuscarawas CountyOhio,91987
Union CountyOhio,58988
Van Wert CountyOhio,28275
Vinton CountyOhio,13085
Warren CountyOhio,234602
Washington CountyOhio,59911
Wayne CountyOhio,115710
Williams CountyOhio,36692
Wood CountyOhio,130817
Wyandot CountyOhio,21772
Adair CountyOklahoma,22194
Alfalfa CountyOklahoma,5702
Atoka CountyOklahoma,13758
Beaver CountyOklahoma,5311
Beckham CountyOklahoma,21859
Blaine CountyOklahoma,9429
Bryan CountyOklahoma,47995
Caddo CountyOklahoma,28762
Canadian CountyOklahoma,148306
Carter CountyOklahoma,48111
Cherokee CountyOklahoma,48657
Choctaw CountyOklahoma,14672
Cimarron CountyOklahoma,2137
Cleveland CountyOklahoma,284014
Coal CountyOklahoma,5495
Comanche CountyOklahoma,120749
Cotton CountyOklahoma,5666
Craig CountyOklahoma,14142
Creek CountyOklahoma,71522
Custer CountyOklahoma,29003
Delaware CountyOklahoma,43009
Dewey CountyOklahoma,4891
Ellis CountyOklahoma,3859
Garfield CountyOklahoma,61056
Garvin CountyOklahoma,27711
Grady CountyOklahoma,55834
Grant CountyOklahoma,4333
Greer CountyOklahoma,5712
Harmon CountyOklahoma,2653
Harper CountyOklahoma,3688
Haskell CountyOklahoma,12627
Hughes CountyOklahoma,13279
Jackson CountyOklahoma,24530
Jefferson CountyOklahoma,6002
Johnston CountyOklahoma,11085
Kay CountyOklahoma,43538
Kingfisher CountyOklahoma,15765
Kiowa CountyOklahoma,8708
Latimer CountyOklahoma,10073
Le Flore CountyOklahoma,49853
Lincoln CountyOklahoma,34877
Logan CountyOklahoma,48011
Love CountyOklahoma,10253
McClain CountyOklahoma,40474
McCurtain CountyOklahoma,32832
McIntosh CountyOklahoma,19596
Major CountyOklahoma,7629
Marshall CountyOklahoma,16931
Mayes CountyOklahoma,41100
Murray CountyOklahoma,14073
Muskogee CountyOklahoma,67997
Noble CountyOklahoma,11131
Nowata CountyOklahoma,10076
Okfuskee CountyOklahoma,11993
Oklahoma CountyOklahoma,797434
Okmulgee CountyOklahoma,38465
Osage CountyOklahoma,46963
Ottawa CountyOklahoma,31127
Pawnee CountyOklahoma,16376
Payne CountyOklahoma,81784
Pittsburg CountyOklahoma,43654
Pontotoc CountyOklahoma,38284
Pottawatomie CountyOklahoma,72592
Pushmataha CountyOklahoma,11096
Roger Mills CountyOklahoma,3583
Rogers CountyOklahoma,92459
Seminole CountyOklahoma,24258
Sequoyah CountyOklahoma,41569
Stephens CountyOklahoma,43143
Texas CountyOklahoma,19983
Tillman CountyOklahoma,7250
Tulsa CountyOklahoma,651552
Wagoner CountyOklahoma,81289
Washington CountyOklahoma,51527
Washita CountyOklahoma,10916
Woods CountyOklahoma,8793
Woodward CountyOklahoma,20211
Baker CountyOregon,16124
Benton CountyOregon,93053
Clackamas CountyOregon,418187
Clatsop CountyOregon,40224
Columbia CountyOregon,52354
Coos CountyOregon,64487
Crook CountyOregon,24404
Curry CountyOregon,22925
Deschutes CountyOregon,197692
Douglas CountyOregon,110980
Gilliam CountyOregon,1912
Grant CountyOregon,7199
Harney CountyOregon,7393
Hood River CountyOregon,23382
Jackson CountyOregon,220944
Jefferson CountyOregon,24658
Josephine CountyOregon,87487
Klamath CountyOregon,68238
Lake CountyOregon,7869
Lane CountyOregon,382067
Lincoln CountyOregon,49962
Linn CountyOregon,129749
Malheur CountyOregon,30571
Marion CountyOregon,347818
Morrow CountyOregon,11603
Multnomah CountyOregon,812855
Polk CountyOregon,86085
Sherman CountyOregon,1780
Tillamook CountyOregon,27036
Umatilla CountyOregon,77950
Union CountyOregon,26835
Wallowa CountyOregon,7208
Wasco CountyOregon,26682
Washington CountyOregon,601592
Wheeler CountyOregon,1332
Yamhill CountyOregon,107100
Adams CountyPennsylvania,103009
Allegheny CountyPennsylvania,1216045
Armstrong CountyPennsylvania,64735
Beaver CountyPennsylvania,163929
Bedford CountyPennsylvania,47888
Berks CountyPennsylvania,421164
Blair CountyPennsylvania,121829
Bradford CountyPennsylvania,60323
Bucks CountyPennsylvania,628270
Butler CountyPennsylvania,187853
Cambria CountyPennsylvania,130192
Cameron CountyPennsylvania,4447
Carbon CountyPennsylvania,64182
Centre CountyPennsylvania,162385
Chester CountyPennsylvania,524989
Clarion CountyPennsylvania,38438
Clearfield CountyPennsylvania,79255
Clinton CountyPennsylvania,38632
Columbia CountyPennsylvania,64964
Crawford CountyPennsylvania,84629
Cumberland CountyPennsylvania,253370
Dauphin CountyPennsylvania,278299
Delaware CountyPennsylvania,566747
Elk CountyPennsylvania,29910
Erie CountyPennsylvania,269728
Fayette CountyPennsylvania,129274
Forest CountyPennsylvania,7247
Franklin CountyPennsylvania,155027
Fulton CountyPennsylvania,14530
Greene CountyPennsylvania,36233
Huntingdon CountyPennsylvania,45144
Indiana CountyPennsylvania,84073
Jefferson CountyPennsylvania,43425
Juniata CountyPennsylvania,24763
Lackawanna CountyPennsylvania,209674
Lancaster CountyPennsylvania,545724
Lawrence CountyPennsylvania,85512
Lebanon CountyPennsylvania,141793
Lehigh CountyPennsylvania,369318
Luzerne CountyPennsylvania,317417
Lycoming CountyPennsylvania,113299
McKean CountyPennsylvania,40625
Mercer CountyPennsylvania,109424
Mifflin CountyPennsylvania,46138
Monroe CountyPennsylvania,170271
Montgomery CountyPennsylvania,830915
Montour CountyPennsylvania,18230
Northampton CountyPennsylvania,305285
Northumberland CountyPennsylvania,90843
Perry CountyPennsylvania,46272
Philadelphia CountyPennsylvania,1584064
Pike CountyPennsylvania,55809
Potter CountyPennsylvania,16526
Schuylkill CountyPennsylvania,141359
Snyder CountyPennsylvania,40372
Somerset CountyPennsylvania,73447
Sullivan CountyPennsylvania,6066
Susquehanna CountyPennsylvania,40328
Tioga CountyPennsylvania,40591
Union CountyPennsylvania,44923
Venango CountyPennsylvania,50668
Warren CountyPennsylvania,39191
Washington CountyPennsylvania,206865
Wayne CountyPennsylvania,51361
Westmoreland CountyPennsylvania,348899
Wyoming CountyPennsylvania,26794
York CountyPennsylvania,449058
Bristol CountyRhode Island,48479
Kent CountyRhode Island,164292
Newport CountyRhode Island,82082
Providence CountyRhode Island,638931
Washington CountyRhode Island,125577
Abbeville CountySouth Carolina,24527
Aiken CountySouth Carolina,170872
Allendale CountySouth Carolina,8688
Anderson CountySouth Carolina,202558
Bamberg CountySouth Carolina,14066
Barnwell CountySouth Carolina,20866
Beaufort CountySouth Carolina,192122
Berkeley CountySouth Carolina,227907
Calhoun CountySouth Carolina,14553
Charleston CountySouth Carolina,411406
Cherokee CountySouth Carolina,57300
Chester CountySouth Carolina,32244
Chesterfield CountySouth Carolina,45650
Clarendon CountySouth Carolina,33745
Colleton CountySouth Carolina,37677
Darlington CountySouth Carolina,66618
Dillon CountySouth Carolina,30479
Dorchester CountySouth Carolina,162809
Edgefield CountySouth Carolina,27260
Fairfield CountySouth Carolina,22347
Florence CountySouth Carolina,138293
Georgetown CountySouth Carolina,62680
Greenville CountySouth Carolina,523542
Greenwood CountySouth Carolina,70811
Hampton CountySouth Carolina,19222
Horry CountySouth Carolina,354081
Jasper CountySouth Carolina,30073
Kershaw CountySouth Carolina,66551
Lancaster CountySouth Carolina,98012
Laurens CountySouth Carolina,67493
Lee CountySouth Carolina,16828
Lexington CountySouth Carolina,298750
McCormick CountySouth Carolina,9463
Marion CountySouth Carolina,30657
Marlboro CountySouth Carolina,26118
Newberry CountySouth Carolina,38440
Oconee CountySouth Carolina,79546
Orangeburg CountySouth Carolina,86175
Pickens CountySouth Carolina,126884
Richland CountySouth Carolina,415759
Saluda CountySouth Carolina,20473
Spartanburg CountySouth Carolina,319785
Sumter CountySouth Carolina,106721
Union CountySouth Carolina,27316
Williamsburg CountySouth Carolina,30368
York CountySouth Carolina,280979
Aurora CountySouth Dakota,2751
Beadle CountySouth Dakota,18453
Bennett CountySouth Dakota,3365
Bon Homme CountySouth Dakota,6901
Brookings CountySouth Dakota,35077
Brown CountySouth Dakota,38839
Brule CountySouth Dakota,5297
Buffalo CountySouth Dakota,1962
Butte CountySouth Dakota,10429
Campbell CountySouth Dakota,1376
Charles Mix CountySouth Dakota,9292
Clark CountySouth Dakota,3736
Clay CountySouth Dakota,14070
Codington CountySouth Dakota,28009
Corson CountySouth Dakota,4086
Custer CountySouth Dakota,8972
Davison CountySouth Dakota,19775
Day CountySouth Dakota,5424
Deuel CountySouth Dakota,4351
Dewey CountySouth Dakota,5892
Douglas CountySouth Dakota,2921
Edmunds CountySouth Dakota,3829
Fall River CountySouth Dakota,6713
Faulk CountySouth Dakota,2299
Grant CountySouth Dakota,7052
Gregory CountySouth Dakota,4185
Haakon CountySouth Dakota,1899
Hamlin CountySouth Dakota,6164
Hand CountySouth Dakota,3191
Hanson CountySouth Dakota,3453
Harding CountySouth Dakota,1298
Hughes CountySouth Dakota,17526
Hutchinson CountySouth Dakota,7291
Hyde CountySouth Dakota,1301
Jackson CountySouth Dakota,3344
Jerauld CountySouth Dakota,2013
Jones CountySouth Dakota,903
Kingsbury CountySouth Dakota,4939
Lake CountySouth Dakota,12797
Lawrence CountySouth Dakota,25844
Lincoln CountySouth Dakota,61128
Lyman CountySouth Dakota,3781
McCook CountySouth Dakota,5586
McPherson CountySouth Dakota,2379
Marshall CountySouth Dakota,4935
Meade CountySouth Dakota,28332
Mellette CountySouth Dakota,2061
Miner CountySouth Dakota,2216
Minnehaha CountySouth Dakota,193134
Moody CountySouth Dakota,6576
Oglala Lakota CountySouth Dakota,14177
Pennington CountySouth Dakota,113775
Perkins CountySouth Dakota,2865
Potter CountySouth Dakota,2153
Roberts CountySouth Dakota,10394
Sanborn CountySouth Dakota,2344
Spink CountySouth Dakota,6376
Stanley CountySouth Dakota,3098
Sully CountySouth Dakota,1391
Todd CountySouth Dakota,10177
Tripp CountySouth Dakota,5441
Turner CountySouth Dakota,8384
Union CountySouth Dakota,15932
Walworth CountySouth Dakota,5435
Yankton CountySouth Dakota,22814
Ziebach CountySouth Dakota,2756
Anderson CountyTennessee,76978
Bedford CountyTennessee,49713
Benton CountyTennessee,16160
Bledsoe CountyTennessee,15064
Blount CountyTennessee,133088
Bradley CountyTennessee,108110
Campbell CountyTennessee,39842
Cannon CountyTennessee,14678
Carroll CountyTennessee,27767
Carter CountyTennessee,56391
Cheatham CountyTennessee,40667
Chester CountyTennessee,17297
Claiborne CountyTennessee,31959
Clay CountyTennessee,7615
Cocke CountyTennessee,36004
Coffee CountyTennessee,56520
Crockett CountyTennessee,14230
Cumberland CountyTennessee,60520
Davidson CountyTennessee,694144
Decatur CountyTennessee,11663
DeKalb CountyTennessee,20490
Dickson CountyTennessee,53948
Dyer CountyTennessee,37159
Fayette CountyTennessee,41133
Fentress CountyTennessee,18523
Franklin CountyTennessee,42208
Gibson CountyTennessee,49133
Giles CountyTennessee,29464
Grainger CountyTennessee,23320
Greene CountyTennessee,69069
Grundy CountyTennessee,13427
Hamblen CountyTennessee,64934
Hamilton CountyTennessee,367804
Hancock CountyTennessee,6620
Hardeman CountyTennessee,25050
Hardin CountyTennessee,25652
Hawkins CountyTennessee,56786
Haywood CountyTennessee,17304
Henderson CountyTennessee,28117
Henry CountyTennessee,32345
Hickman CountyTennessee,25178
Houston CountyTennessee,8201
Humphreys CountyTennessee,18582
Jackson CountyTennessee,11786
Jefferson CountyTennessee,54495
Johnson CountyTennessee,17788
Knox CountyTennessee,470313
Lake CountyTennessee,7016
Lauderdale CountyTennessee,25633
Lawrence CountyTennessee,44142
Lewis CountyTennessee,12268
Lincoln CountyTennessee,34366
Loudon CountyTennessee,54068
McMinn CountyTennessee,53794
McNairy CountyTennessee,25694
Macon CountyTennessee,24602
Madison CountyTennessee,97984
Marion CountyTennessee,28907
Marshall CountyTennessee,34375
Maury CountyTennessee,96387
Meigs CountyTennessee,12422
Monroe CountyTennessee,46545
Montgomery CountyTennessee,208993
Moore CountyTennessee,6488
Morgan CountyTennessee,21403
Obion CountyTennessee,30069
Overton CountyTennessee,22241
Perry CountyTennessee,8076
Pickett CountyTennessee,5048
Polk CountyTennessee,16832
Putnam CountyTennessee,80245
Rhea CountyTennessee,33167
Roane CountyTennessee,53382
Robertson CountyTennessee,71813
Rutherford CountyTennessee,332285
Scott CountyTennessee,22068
Sequatchie CountyTennessee,15026
Sevier CountyTennessee,98250
Shelby CountyTennessee,937166
Smith CountyTennessee,20157
Stewart CountyTennessee,13715
Sullivan CountyTennessee,158348
Sumner CountyTennessee,191283
Tipton CountyTennessee,61599
Trousdale CountyTennessee,11284
Unicoi CountyTennessee,17883
Union CountyTennessee,19972
Van Buren CountyTennessee,5872
Warren CountyTennessee,41277
Washington CountyTennessee,129375
Wayne CountyTennessee,16673
Weakley CountyTennessee,33328
White CountyTennessee,27345
Williamson CountyTennessee,238412
Wilson CountyTennessee,144657
Anderson CountyTexas,57735
Andrews CountyTexas,18705
Angelina CountyTexas,86715
Aransas CountyTexas,23510
Archer CountyTexas,8553
Armstrong CountyTexas,1887
Atascosa CountyTexas,51153
Austin CountyTexas,30032
Bailey CountyTexas,7000
Bandera CountyTexas,23112
Bastrop CountyTexas,88723
Baylor CountyTexas,3509
Bee CountyTexas,32565
Bell CountyTexas,362924
Bexar CountyTexas,2003554
Blanco CountyTexas,11931
Borden CountyTexas,654
Bosque CountyTexas,18685
Bowie CountyTexas,93245
Brazoria CountyTexas,374264
Brazos CountyTexas,229211
Brewster CountyTexas,9203
Briscoe CountyTexas,1546
Brooks CountyTexas,7093
Brown CountyTexas,37864
Burleson CountyTexas,18443
Burnet CountyTexas,48155
Caldwell CountyTexas,43664
Calhoun CountyTexas,21290
Callahan CountyTexas,13943
Cameron CountyTexas,423163
Camp CountyTexas,13094
Carson CountyTexas,5926
Cass CountyTexas,30026
Castro CountyTexas,7530
Chambers CountyTexas,43837
Cherokee CountyTexas,52646
Childress CountyTexas,7306
Clay CountyTexas,10471
Cochran CountyTexas,2853
Coke CountyTexas,3387
Coleman CountyTexas,8175
Collin CountyTexas,1034730
Collingsworth CountyTexas,2920
Colorado CountyTexas,21493
Comal CountyTexas,156209
Comanche CountyTexas,13635
Concho CountyTexas,2726
Cooke CountyTexas,41257
Coryell CountyTexas,75951
Cottle CountyTexas,1398
Crane CountyTexas,4797
Crockett CountyTexas,3464
Crosby CountyTexas,5737
Culberson CountyTexas,2171
Dallam CountyTexas,7287
Dallas CountyTexas,2635516
Dawson CountyTexas,12728
Deaf Smith CountyTexas,18546
Delta CountyTexas,5331
Denton CountyTexas,887207
DeWitt CountyTexas,20160
Dickens CountyTexas,2211
Dimmit CountyTexas,10124
Donley CountyTexas,3278
Duval CountyTexas,11157
Eastland CountyTexas,18360
Ector CountyTexas,166223
Edwards CountyTexas,1932
Ellis CountyTexas,184826
El Paso CountyTexas,839238
Erath CountyTexas,42698
Falls CountyTexas,17297
Fannin CountyTexas,35514
Fayette CountyTexas,25346
Fisher CountyTexas,3830
Floyd CountyTexas,5712
Foard CountyTexas,1155
Fort Bend CountyTexas,811688
Franklin CountyTexas,10725
Freestone CountyTexas,19717
Frio CountyTexas,20306
Gaines CountyTexas,21492
Galveston CountyTexas,342139
Garza CountyTexas,6229
Gillespie CountyTexas,26988
Glasscock CountyTexas,1409
Goliad CountyTexas,7658
Gonzales CountyTexas,20837
Gray CountyTexas,21886
Grayson CountyTexas,136212
Gregg CountyTexas,123945
Grimes CountyTexas,28880
Guadalupe CountyTexas,166847
Hale CountyTexas,33406
Hall CountyTexas,2964
Hamilton CountyTexas,8461
Hansford CountyTexas,5399
Hardeman CountyTexas,3933
Hardin CountyTexas,57602
Harris CountyTexas,4713325
Harrison CountyTexas,66553
Hartley CountyTexas,5576
Haskell CountyTexas,5658
Hays CountyTexas,230191
Hemphill CountyTexas,3819
Henderson CountyTexas,82737
Hidalgo CountyTexas,868707
Hill CountyTexas,36649
Hockley CountyTexas,23021
Hood CountyTexas,61643
Hopkins CountyTexas,37084
Houston CountyTexas,22968
Howard CountyTexas,36664
Hudspeth CountyTexas,4886
Hunt CountyTexas,98594
Hutchinson CountyTexas,20938
Irion CountyTexas,1536
Jack CountyTexas,8935
Jackson CountyTexas,14760
Jasper CountyTexas,35529
Jeff Davis CountyTexas,2274
Jefferson CountyTexas,251565
Jim Hogg CountyTexas,5200
Jim Wells CountyTexas,40482
Johnson CountyTexas,175817
Jones CountyTexas,20083
Karnes CountyTexas,15601
Kaufman CountyTexas,136154
Kendall CountyTexas,47431
Kenedy CountyTexas,404
Kent CountyTexas,762
Kerr CountyTexas,52600
Kimble CountyTexas,4337
King CountyTexas,272
Kinney CountyTexas,3667
Kleberg CountyTexas,30680
Knox CountyTexas,3664
Lamar CountyTexas,49859
Lamb CountyTexas,12893
Lampasas CountyTexas,21428
La Salle CountyTexas,7520
Lavaca CountyTexas,20154
Lee CountyTexas,17239
Leon CountyTexas,17404
Liberty CountyTexas,88219
Limestone CountyTexas,23437
Lipscomb CountyTexas,3233
Live Oak CountyTexas,12207
Llano CountyTexas,21795
Loving CountyTexas,169
Lubbock CountyTexas,310569
Lynn CountyTexas,5951
McCulloch CountyTexas,7984
McLennan CountyTexas,256623
McMullen CountyTexas,743
Madison CountyTexas,14284
Marion CountyTexas,9854
Martin CountyTexas,5771
Mason CountyTexas,4274
Matagorda CountyTexas,36643
Maverick CountyTexas,58722
Medina CountyTexas,51584
Menard CountyTexas,2138
Midland CountyTexas,176832
Milam CountyTexas,24823
Mills CountyTexas,4873
Mitchell CountyTexas,8545
Montague CountyTexas,19818
Montgomery CountyTexas,607391
Moore CountyTexas,20940
Morris CountyTexas,12388
Motley CountyTexas,1200
Nacogdoches CountyTexas,65204
Navarro CountyTexas,50113
Newton CountyTexas,13595
Nolan CountyTexas,14714
Nueces CountyTexas,362294
Ochiltree CountyTexas,9836
Oldham CountyTexas,2112
Orange CountyTexas,83396
Palo Pinto CountyTexas,29189
Panola CountyTexas,23194
Parker CountyTexas,142878
Parmer CountyTexas,9605
Pecos CountyTexas,15823
Polk CountyTexas,51353
Potter CountyTexas,117415
Presidio CountyTexas,6704
Rains CountyTexas,12514
Randall CountyTexas,137713
Reagan CountyTexas,3849
Real CountyTexas,3452
Red River CountyTexas,12023
Reeves CountyTexas,15976
Refugio CountyTexas,6948
Roberts CountyTexas,854
Robertson CountyTexas,17074
Rockwall CountyTexas,104915
Runnels CountyTexas,10264
Rusk CountyTexas,54406
Sabine CountyTexas,10542
San Augustine CountyTexas,8237
San Jacinto CountyTexas,28859
San Patricio CountyTexas,66730
San Saba CountyTexas,6055
Schleicher CountyTexas,2793
Scurry CountyTexas,16703
Shackelford CountyTexas,3265
Shelby CountyTexas,25274
Sherman CountyTexas,3022
Smith CountyTexas,232751
Somervell CountyTexas,9128
Starr CountyTexas,64633
Stephens CountyTexas,9366
Sterling CountyTexas,1291
Stonewall CountyTexas,1350
Sutton CountyTexas,3776
Swisher CountyTexas,7397
Tarrant CountyTexas,2102515
Taylor CountyTexas,138034
Terrell CountyTexas,776
Terry CountyTexas,12337
Throckmorton CountyTexas,1501
Titus CountyTexas,32750
Tom Green CountyTexas,119200
Travis CountyTexas,1273954
Trinity CountyTexas,14651
Tyler CountyTexas,21672
Upshur CountyTexas,41753
Upton CountyTexas,3657
Uvalde CountyTexas,26741
Val Verde CountyTexas,49025
Van Zandt CountyTexas,56590
Victoria CountyTexas,92084
Walker CountyTexas,72971
Waller CountyTexas,55246
Ward CountyTexas,11998
Washington CountyTexas,35882
Webb CountyTexas,276652
Wharton CountyTexas,41556
Wheeler CountyTexas,5056
Wichita CountyTexas,132230
Wilbarger CountyTexas,12769
Willacy CountyTexas,21358
Williamson CountyTexas,590551
Wilson CountyTexas,51070
Winkler CountyTexas,8010
Wise CountyTexas,69984
Wood CountyTexas,45539
Yoakum CountyTexas,8713
Young CountyTexas,18010
Zapata CountyTexas,14179
Zavala CountyTexas,11840
Beaver CountyUtah,6710
Box Elder CountyUtah,56046
Cache CountyUtah,128289
Carbon CountyUtah,20463
Daggett CountyUtah,950
Davis CountyUtah,355481
Duchesne CountyUtah,19938
Emery CountyUtah,10012
Garfield CountyUtah,5051
Grand CountyUtah,9754
Iron CountyUtah,54839
Juab CountyUtah,12017
Kane CountyUtah,7886
Millard CountyUtah,13188
Morgan CountyUtah,12124
Piute CountyUtah,1479
Rich CountyUtah,2483
Salt Lake CountyUtah,1160437
San Juan CountyUtah,15308
Sanpete CountyUtah,30939
Sevier CountyUtah,21620
Summit CountyUtah,42145
Tooele CountyUtah,72259
Uintah CountyUtah,35734
Utah CountyUtah,636235
Wasatch CountyUtah,34091
Washington CountyUtah,177556
Wayne CountyUtah,2711
Weber CountyUtah,260213
Addison CountyVermont,36777
Bennington CountyVermont,35470
Caledonia CountyVermont,29993
Chittenden CountyVermont,163774
Essex CountyVermont,6163
Franklin CountyVermont,49402
Grand Isle CountyVermont,7235
Lamoille CountyVermont,25362
Orange CountyVermont,28892
Orleans CountyVermont,27037
Rutland CountyVermont,58191
Washington CountyVermont,58409
Windham CountyVermont,42222
Windsor CountyVermont,55062
Accomack CountyVirginia,32316
Albemarle CountyVirginia,109330
Alleghany CountyVirginia,14860
Amelia CountyVirginia,13145
Amherst CountyVirginia,31605
Appomattox CountyVirginia,15911
Arlington CountyVirginia,236842
Augusta CountyVirginia,75558
Bath CountyVirginia,4147
Bedford CountyVirginia,78997
Bland CountyVirginia,6280
Botetourt CountyVirginia,33419
Brunswick CountyVirginia,16231
Buchanan CountyVirginia,21004
Buckingham CountyVirginia,17148
Campbell CountyVirginia,54885
Caroline CountyVirginia,30725
Carroll CountyVirginia,29791
Charles City CountyVirginia,6963
Charlotte CountyVirginia,11880
Chesterfield CountyVirginia,352802
Clarke CountyVirginia,14619
Craig CountyVirginia,5131
Culpeper CountyVirginia,52605
Cumberland CountyVirginia,9932
Dickenson CountyVirginia,14318
Dinwiddie CountyVirginia,28544
Essex CountyVirginia,10953
Fairfax CountyVirginia,1147532
Fauquier CountyVirginia,71222
Floyd CountyVirginia,15749
Fluvanna CountyVirginia,27270
Franklin CountyVirginia,56042
Frederick CountyVirginia,89313
Giles CountyVirginia,16720
Gloucester CountyVirginia,37348
Goochland CountyVirginia,23753
Grayson CountyVirginia,15550
Greene CountyVirginia,19819
Greensville CountyVirginia,11336
Halifax CountyVirginia,33911
Hanover CountyVirginia,107766
Henrico CountyVirginia,330818
Henry CountyVirginia,50557
Highland CountyVirginia,2190
Isle of Wight CountyVirginia,37109
James City CountyVirginia,76523
King and Queen CountyVirginia,7025
King George CountyVirginia,26836
King William CountyVirginia,17148
Lancaster CountyVirginia,10603
Lee CountyVirginia,23423
Loudoun CountyVirginia,413538
Louisa CountyVirginia,37591
Lunenburg CountyVirginia,12196
Madison CountyVirginia,13261
Mathews CountyVirginia,8834
Mecklenburg CountyVirginia,30587
Middlesex CountyVirginia,10582
Montgomery CountyVirginia,98535
Nelson CountyVirginia,14930
New Kent CountyVirginia,23091
Northampton CountyVirginia,11710
Northumberland CountyVirginia,12095
Nottoway CountyVirginia,15232
Orange CountyVirginia,37051
Page CountyVirginia,23902
Patrick CountyVirginia,17608
Pittsylvania CountyVirginia,60354
Powhatan CountyVirginia,29652
Prince Edward CountyVirginia,22802
Prince George CountyVirginia,38353
Prince William CountyVirginia,470335
Pulaski CountyVirginia,34027
Rappahannock CountyVirginia,7370
Richmond CountyVirginia,9023
Roanoke CountyVirginia,94186
Rockbridge CountyVirginia,22573
Rockingham CountyVirginia,81948
Russell CountyVirginia,26586
Scott CountyVirginia,21566
Shenandoah CountyVirginia,43616
Smyth CountyVirginia,30104
Southampton CountyVirginia,17631
Spotsylvania CountyVirginia,136215
Stafford CountyVirginia,152882
Surry CountyVirginia,6422
Sussex CountyVirginia,11159
Tazewell CountyVirginia,40595
Warren CountyVirginia,40164
Washington CountyVirginia,53740
Westmoreland CountyVirginia,18015
Wise CountyVirginia,37383
Wythe CountyVirginia,28684
York CountyVirginia,68280
Alexandria cityVirginia,159428
Bristol cityVirginia,16762
Buena Vista cityVirginia,6478
Charlottesville cityVirginia,47266
Chesapeake cityVirginia,244835
Colonial Heights cityVirginia,17370
Covington cityVirginia,5538
Danville cityVirginia,40044
Emporia cityVirginia,5346
Fairfax cityVirginia,24019
Falls Church cityVirginia,14617
Franklin cityVirginia,7967
Fredericksburg cityVirginia,29036
Galax cityVirginia,6347
Hampton cityVirginia,134510
Harrisonburg cityVirginia,53016
Hopewell cityVirginia,22529
Lexington cityVirginia,7446
Lynchburg cityVirginia,82168
Manassas cityVirginia,41085
Manassas Park cityVirginia,17478
Martinsville cityVirginia,12554
Newport News cityVirginia,179225
Norfolk cityVirginia,242742
Norton cityVirginia,3981
Petersburg cityVirginia,31346
Poquoson cityVirginia,12271
Portsmouth cityVirginia,94398
Radford cityVirginia,18249
Richmond cityVirginia,230436
Roanoke cityVirginia,99143
Salem cityVirginia,25301
Staunton cityVirginia,24932
Suffolk cityVirginia,92108
Virginia Beach cityVirginia,449974
Waynesboro cityVirginia,22630
Williamsburg cityVirginia,14954
Winchester cityVirginia,28078
Adams CountyWashington,19983
Asotin CountyWashington,22582
Benton CountyWashington,204390
Chelan CountyWashington,77200
Clallam CountyWashington,77331
Clark CountyWashington,488241
Columbia CountyWashington,3985
Cowlitz CountyWashington,110593
Douglas CountyWashington,43429
Ferry CountyWashington,7627
Franklin CountyWashington,95222
Garfield CountyWashington,2225
Grant CountyWashington,97733
Grays Harbor CountyWashington,75061
Island CountyWashington,85141
Jefferson CountyWashington,32221
King CountyWashington,2252782
Kitsap CountyWashington,271473
Kittitas CountyWashington,47935
Klickitat CountyWashington,22425
Lewis CountyWashington,80707
Lincoln CountyWashington,10939
Mason CountyWashington,66768
Okanogan CountyWashington,42243
Pacific CountyWashington,22471
Pend Oreille CountyWashington,13724
Pierce CountyWashington,904980
San Juan CountyWashington,17582
Skagit CountyWashington,129205
Skamania CountyWashington,12083
Snohomish CountyWashington,822083
Spokane CountyWashington,522798
Stevens CountyWashington,45723
Thurston CountyWashington,290536
Wahkiakum CountyWashington,4488
Walla Walla CountyWashington,60760
Whatcom CountyWashington,229247
Whitman CountyWashington,50104
Yakima CountyWashington,250873
Barbour CountyWest Virginia,16441
Berkeley CountyWest Virginia,119171
Boone CountyWest Virginia,21457
Braxton CountyWest Virginia,13957
Brooke CountyWest Virginia,21939
Cabell CountyWest Virginia,91945
Calhoun CountyWest Virginia,7109
Clay CountyWest Virginia,8508
Doddridge CountyWest Virginia,8448
Fayette CountyWest Virginia,42406
Gilmer CountyWest Virginia,7823
Grant CountyWest Virginia,11568
Greenbrier CountyWest Virginia,34662
Hampshire CountyWest Virginia,23175
Hancock CountyWest Virginia,28810
Hardy CountyWest Virginia,13776
Harrison CountyWest Virginia,67256
Jackson CountyWest Virginia,28576
Jefferson CountyWest Virginia,57146
Kanawha CountyWest Virginia,178124
Lewis CountyWest Virginia,15907
Lincoln CountyWest Virginia,20409
Logan CountyWest Virginia,32019
McDowell CountyWest Virginia,17624
Marion CountyWest Virginia,56072
Marshall CountyWest Virginia,30531
Mason CountyWest Virginia,26516
Mercer CountyWest Virginia,58758
Mineral CountyWest Virginia,26868
Mingo CountyWest Virginia,23424
Monongalia CountyWest Virginia,105612
Monroe CountyWest Virginia,13275
Morgan CountyWest Virginia,17884
Nicholas CountyWest Virginia,24496
Ohio CountyWest Virginia,41411
Pendleton CountyWest Virginia,6969
Pleasants CountyWest Virginia,7460
Pocahontas CountyWest Virginia,8247
Preston CountyWest Virginia,33432
Putnam CountyWest Virginia,56450
Raleigh CountyWest Virginia,73361
Randolph CountyWest Virginia,28695
Ritchie CountyWest Virginia,9554
Roane CountyWest Virginia,13688
Summers CountyWest Virginia,12573
Taylor CountyWest Virginia,16695
Tucker CountyWest Virginia,6839
Tyler CountyWest Virginia,8591
Upshur CountyWest Virginia,24176
Wayne CountyWest Virginia,39402
Webster CountyWest Virginia,8114
Wetzel CountyWest Virginia,15065
Wirt CountyWest Virginia,5821
Wood CountyWest Virginia,83518
Wyoming CountyWest Virginia,20394
Adams CountyWisconsin,20220
Ashland CountyWisconsin,15562
Barron CountyWisconsin,45244
Bayfield CountyWisconsin,15036
Brown CountyWisconsin,264542
Buffalo CountyWisconsin,13031
Burnett CountyWisconsin,15414
Calumet CountyWisconsin,50089
Chippewa CountyWisconsin,64658
Clark CountyWisconsin,34774
Columbia CountyWisconsin,57532
Crawford CountyWisconsin,16131
Dane CountyWisconsin,546695
Dodge CountyWisconsin,87839
Door CountyWisconsin,27668
Douglas CountyWisconsin,43150
Dunn CountyWisconsin,45368
Eau Claire CountyWisconsin,104646
Florence CountyWisconsin,4295
Fond du Lac CountyWisconsin,103403
Forest CountyWisconsin,9004
Grant CountyWisconsin,51439
Green CountyWisconsin,36960
Green Lake CountyWisconsin,18913
Iowa CountyWisconsin,23678
Iron CountyWisconsin,5687
Jackson CountyWisconsin,20643
Jefferson CountyWisconsin,84769
Juneau CountyWisconsin,26687
Kenosha CountyWisconsin,169561
Kewaunee CountyWisconsin,20434
La Crosse CountyWisconsin,118016
Lafayette CountyWisconsin,16665
Langlade CountyWisconsin,19189
Lincoln CountyWisconsin,27593
Manitowoc CountyWisconsin,78981
Marathon CountyWisconsin,135692
Marinette CountyWisconsin,40350
Marquette CountyWisconsin,15574
Menominee CountyWisconsin,4556
Milwaukee CountyWisconsin,945726
Monroe CountyWisconsin,46253
Oconto CountyWisconsin,37930
Oneida CountyWisconsin,35595
Outagamie CountyWisconsin,187885
Ozaukee CountyWisconsin,89221
Pepin CountyWisconsin,7287
Pierce CountyWisconsin,42754
Polk CountyWisconsin,43783
Portage CountyWisconsin,70772
Price CountyWisconsin,13351
Racine CountyWisconsin,196311
Richland CountyWisconsin,17252
Rock CountyWisconsin,163354
Rusk CountyWisconsin,14178
St. Croix CountyWisconsin,90687
Sauk CountyWisconsin,64442
Sawyer CountyWisconsin,16558
Shawano CountyWisconsin,40899
Sheboygan CountyWisconsin,115340
Taylor CountyWisconsin,20343
Trempealeau CountyWisconsin,29649
Vernon CountyWisconsin,30822
Vilas CountyWisconsin,22195
Walworth CountyWisconsin,103868
Washburn CountyWisconsin,15720
Washington CountyWisconsin,136034
Waukesha CountyWisconsin,404198
Waupaca CountyWisconsin,50990
Waushara CountyWisconsin,24443
Winnebago CountyWisconsin,171907
Wood CountyWisconsin,72999
Albany CountyWyoming,38880
Big Horn CountyWyoming,11790
Campbell CountyWyoming,46341
Carbon CountyWyoming,14800
Converse CountyWyoming,13822
Crook CountyWyoming,7584
Fremont CountyWyoming,39261
Goshen CountyWyoming,13211
Hot Springs CountyWyoming,4413
Johnson CountyWyoming,8445
Laramie CountyWyoming,99500
Lincoln CountyWyoming,19830
Natrona CountyWyoming,79858
Niobrara CountyWyoming,2356
Park CountyWyoming,29194
Platte CountyWyoming,8393
Sheridan CountyWyoming,30485
Sublette CountyWyoming,9831
Sweetwater CountyWyoming,42343
Teton CountyWyoming,23464
Uinta CountyWyoming,20226
Washakie CountyWyoming,7805
Weston CountyWyoming,6927